이름,우편주소,주소,주소상세,전화번호,이메일
김은영,87690,대구광역시 영등포구 오금601로 151 (민수김리),지우김이아파트 O동 962호,019-199-0980,coeseonyeong@example.net
이민수,76228,충청북도 구리시 서초대로 621-69,유진김연립,063-939-2756,iminjae@example.com
고영숙,58367,전라남도 동해시 역삼51거리 794,미경홍송타워 560동 989호,011-530-1280,vi@example.net
김민서,26243,제주특별자치도 수원시 팔달구 논현가 452-96 (명자김면),지훈조마을 B동 937호,064-711-4987,pgim@example.net
이성호,19665,광주광역시 동작구 영동대0길 372-21,옥자이마을 마동 677호,016-073-1818,jeongsiggim@example.net
황성수,24730,제주특별자치도 의정부시 백제고분가 943 (명자백읍),준서안김마을 137호,053-824-4670,ogjano@example.org
이정수,83104,광주광역시 양천구 백제고분길 679,병철박아파트 636호,017-084-3925,myeongjai@example.net
장도현,59618,광주광역시 서구 잠실로 768-48 (정식이동),지영송마을 가동 189호,042-507-3544,pgim@example.net
배정웅,00505,충청남도 광주시 서초대가 지하519,예준장이빌라 K동 079호,042-748-7873,doyungim@example.net
이아름,02049,경기도 군포시 언주로 518-18,성현류타워 L동 678호,061-414-7661,pbag@example.org
손은지,01937,인천광역시 북구 석촌호수965길 244-47,우진이아파트 O동 384호,052-884-3713,sanghogim@example.com
김수진,72373,경기도 부여군 오금15길 898-17 (도윤이최마을),영환손마을 981호,052-204-5162,lgim@example.com
이현우,17891,울산광역시 서구 삼성로 895,미경윤이아파트 가동 879호,044-584-2545,minjigim@example.org
김지아,31584,충청남도 파주시 가락47가 875-83 (정숙이김동),영수김류마을 다동 937호,017-878-6685,ison@example.org
이정웅,77909,강원도 청주시 흥덕구 개포길 602-34 (영희김김면),지후이빌라,043-115-6407,gimmisug@example.org
김서영,00666,세종특별자치시 마포구 영동대655거리 497 (옥순배마을),지아김타워,064-711-0685,minjun90@example.com
김영희,82003,대구광역시 강서구 삼성거리 883,순자홍장연립 480호,062-488-0840,jihyeoncoe@example.net
이도윤,58634,경상남도 옥천군 반포대1길 858-90,은서김김연립 J동 941호,010-8309-5144,sunog38@example.net
최정희,58164,광주광역시 강북구 오금9거리 561-69,병철김김마을 다동 177호,051-781-9983,junyeong90@example.org
이지후,12682,전라북도 서천군 선릉거리 118,지연이송마을,032-598-5162,yeongja12@example.com
김동현,45290,제주특별자치도 강릉시 봉은사6가 801,예진강타워,042-702-0130,subinjang@example.org
김은정,92454,부산광역시 서대문구 백제고분49거리 765-89 (서영김김동),준서고이마을 525호,064-761-6224,miyeongbaeg@example.org
박재현,25935,인천광역시 중구 도산대6거리 760-64,예은홍김타운 X동 800호,070-8286-1406,minjuni@example.org
우영일,21354,인천광역시 서구 삼성길 406 (예은강주동),미영이송연립 H동 666호,018-237-7578,eunjeongcoe@example.org
송상철,88162,강원도 고양시 일산서구 양재천가 196 (민준김김리),지은손문타워,063-461-7415,iseonghyeon@example.org
김정훈,70252,세종특별자치시 구로구 가락320가 334 (상현김김면),은정백타워 다동 851호,044-080-1735,gimyeonghwan@example.net
이건우,59565,인천광역시 노원구 서초중앙로 470 (지아구윤면),예원최이아파트 T동 852호,016-951-0091,iyeonggil@example.net
이채원,47733,세종특별자치시 은평구 학동2길 77-45 (우진최홍리),성진김타운 G동 776호,02-3269-4969,sumin96@example.com
박미영,16126,인천광역시 남구 백제고분가 지하611,현주박이타운,054-253-6267,yeongsug73@example.org
심준영,34908,전라남도 당진시 반포대10로 861-10 (성훈김리),현지이김타워 656호,061-199-9158,jeongsunbag@example.net
권정남,84590,세종특별자치시 중구 학동3길 682-19,상훈권김타워 294호,063-426-2844,uyang@example.org
박상현,43689,경상남도 철원군 개포98가 371,상철김타운,041-404-7910,imiyeong@example.org
윤준호,86051,서울특별시 도봉구 백제고분063길 192,예지김빌라 라동 609호,053-475-3084,yeeun72@example.com
이재현,88773,충청북도 예산군 학동가 236 (승민윤동),성수윤빌라 M동 645호,064-749-8697,jihuni@example.org
이서영,55237,충청북도 광명시 석촌호수524로 192-21,영순김타운 345호,033-644-2878,tjeong@example.com
김진우,32316,경기도 강릉시 서초대17길 지하431 (성진박리),아름강마을,019-392-1960,xhan@example.com
김명자,86707,대구광역시 동작구 석촌호수021길 467-97,지민권김타운 T동 381호,017-868-9715,miyeong71@example.org
곽영자,90992,충청북도 아산시 압구정01로 519 (예진박면),정수김마을 724호,031-257-5133,tgim@example.com
김윤서,11704,세종특별자치시 서초구 백제고분로 지하358 (현숙안면),준서박마을,017-459-9900,gweonsunja@example.org
최현지,42069,대전광역시 구로구 강남대6로 326,광수최최빌라,043-239-6488,gimogsun@example.com
이건우,71686,대전광역시 노원구 영동대길 773,예진김타워 116호,02-5837-2024,seohaeun@example.org
심영진,21231,서울특별시 은평구 압구정길 631,광수노타운 401호,064-792-1640,ui@example.org
강상철,21649,울산광역시 금천구 반포대길 885-57 (영호김읍),정수김연립 T동 200호,062-732-2413,doyunna@example.org
김시우,09993,대전광역시 중구 가락66거리 128-6 (광수박김리),정식이김타운,031-749-0798,yeongmison@example.net
김명자,23843,제주특별자치도 안산시 상록구 테헤란길 452-24 (미영김읍),수민김빌라 969호,033-776-8224,hyeonsug07@example.net
박승민,19061,전라북도 서천군 강남대627거리 229 (현숙박면),경자유이마을 098호,019-179-1253,gangboram@example.com
강예은,93468,인천광역시 종로구 잠실5가 지하541,유진장아파트,063-298-2043,subinbag@example.net
박선영,40516,충청북도 광명시 도산대로 296,민준강타워 P동 389호,033-932-5814,ngim@example.com
서건우,35436,제주특별자치도 부천시 소사구 논현가 492-78 (지우성이읍),성민송심타운 475호,061-368-4339,eunjeong66@example.net
고도현,47462,충청남도 예산군 언주거리 510 (준호최읍),하윤오박타워,051-888-8446,ijeonghun@example.org
박재현,70902,충청북도 정선군 선릉1거리 433 (영길손정동),지영안오마을 996호,017-592-9431,sangho77@example.com
장경자,05079,경기도 동두천시 가락거리 340 (서준이리),예은김이빌라 649호,017-776-7128,eunjigim@example.org
박준영,37167,충청남도 이천시 오금길 30-38 (지연김김동),재현이허연립 077호,02-2573-4056,sgim@example.com
박경숙,13808,충청북도 예산군 서초대52가 591-31 (영순임김동),영숙김타워,031-716-1344,gyeonghyii@example.com
강정남,23109,대전광역시 성동구 테헤란가 589 (승현장한면),재호김타워 069호,010-3261-8229,iyeeun@example.org
황종수,36677,강원도 평창군 영동대9가 969-90,영호강연립 Q동 690호,041-474-2034,areum30@example.org
강성민,53262,충청북도 과천시 석촌호수거리 24 (종수노김리),옥자차임아파트,063-499-7438,yeongsug12@example.org
김지영,45402,광주광역시 도봉구 양재천거리 801,예준한김타워 340호,019-857-0333,gcoe@example.org
이현주,54286,인천광역시 동구 서초대길 135 (시우박박리),명자남빌라 228호,011-453-0052,gimyeongil@example.com
홍은정,33923,대구광역시 서구 삼성1로 18 (영호권권동),지혜이권타워 543호,041-817-1333,fgim@example.com
박아름,81581,강원도 공주시 오금329가 39 (민수김면),지혜박박연립,041-747-1520,ii@example.net
김지우,25927,서울특별시 남구 석촌호수53로 897 (유진허이면),경희엄김타워 J동 602호,011-159-8858,coehayun@example.com
윤우진,89509,제주특별자치도 부천시 소사구 역삼36길 947,영일우최아파트,042-742-2262,junseo16@example.com
김명자,35608,충청남도 광명시 오금86길 509-43,정웅임김연립 812호,053-889-6883,doyun26@example.org
김재호,48076,전라남도 천안시 서북구 서초중앙길 404-27,지후황박타워 447호,041-566-0982,bagmisug@example.net
우주원,19497,대전광역시 관악구 도산대7가 558-24 (수민권마을),지원최성연립 850호,064-718-8125,ygim@example.org
이정희,89890,경상남도 계룡시 가락가 지하359,예준김김빌라 832호,061-855-9945,sunja01@example.com
오경희,23619,전라남도 화성시 언주313거리 194,지훈배아파트,064-765-0862,ai@example.net
김승민,73876,대전광역시 구로구 잠실가 772 (하윤김김동),명숙김박타워,011-252-2724,ieunji@example.net
최영호,27119,대구광역시 중구 학동길 145 (옥자김박읍),예원김주연립 464호,064-793-6299,joseonghun@example.org
이정호,31777,경상남도 삼척시 선릉6길 지하148 (시우김김읍),미영김박마을,018-299-6150,gimmigyeong@example.net
이영자,79788,대구광역시 남구 학동59거리 869 (정훈서김리),재현정빌라 K동 799호,044-599-3405,mgim@example.com
권예원,65538,인천광역시 중랑구 잠실887가 659-94,성호김빌라,02-1846-6809,seohyeonbag@example.org
한주원,97895,서울특별시 북구 삼성7길 323-80 (종수배동),성민김김타워 964호,054-585-5791,gyeongsui@example.org
홍주원,28536,대전광역시 은평구 양재천0가 183-10 (서현김김동),성현신김빌라 530호,016-478-1810,yeweon54@example.net
김채원,45058,부산광역시 북구 백제고분로 217 (수진장김동),아름이김타워 591호,051-964-7342,sonjungsu@example.net
김숙자,01864,경상남도 홍성군 역삼5로 709 (정희이마을),영미김타워 140호,053-599-1102,yejuni@example.net
김예지,25554,전라북도 태안군 봉은사길 277 (숙자황이면),정순박아파트 I동 955호,041-088-1456,yi@example.net
김정수,01570,서울특별시 서초구 석촌호수975길 956-87,상철배아파트,063-877-1926,jaehoyun@example.org
구지혜,71038,대구광역시 성동구 영동대609가 820,경숙김마을 Z동 499호,018-051-1554,jihun61@example.com
박지현,17664,제주특별자치도 춘천시 테헤란0로 926,영진김최아파트 다동 361호,043-605-4478,bagsumin@example.org
김성훈,90338,인천광역시 동구 백제고분가 499 (영철이최리),경희김마을,032-817-1299,bbag@example.org
이경수,88388,강원도 양주시 백제고분거리 208-67,정훈류연립 A동 394호,070-2758-0975,iyeongceol@example.org
곽옥자,70065,충청남도 수원시 권선구 논현784로 22 (지혜황김동),은서오타워 바동 250호,011-349-6534,zi@example.org
김지혜,75315,제주특별자치도 수원시 영통구 영동대거리 309 (정희김리),지아이박타워,070-9342-7785,gimyeongja@example.com
박옥순,21202,대구광역시 노원구 학동가 457 (영순이리),예원홍연립 나동 181호,053-520-5862,dohyeon20@example.org
유서현,97406,경상남도 부천시 오정구 봉은사로 894,시우박엄아파트,064-778-9469,ybaeg@example.com
심수민,17643,전라남도 제천시 삼성가 577,정훈황연립,032-023-6967,cgim@example.com
박서연,42088,충청북도 강릉시 영동대2길 251 (정희김읍),경숙김타워,070-1248-6821,gjeong@example.org
이현숙,76086,경상남도 고양시 봉은사1로 467,지현임빌라,032-640-8784,eunyeong79@example.net
이순옥,79787,인천광역시 광진구 잠실가 140-49,재호이이연립 092호,041-293-7245,ganghyeonjeong@example.com
김정남,31631,충청남도 철원군 학동거리 732-49 (민수심동),지훈황최연립 289호,070-6477-7329,wgo@example.org
신예은,94858,충청남도 홍성군 테헤란347길 610,영진박서빌라,019-119-0143,oseoyun@example.org
박성훈,44671,울산광역시 서대문구 논현612거리 793-14,정순이연립,031-952-8268,shan@example.net
오정웅,34164,세종특별자치시 은평구 논현가 511,영식차김마을 056호,055-605-4111,junyeonggim@example.org
김민재,60755,광주광역시 성동구 삼성6거리 953 (지은이읍),선영이빌라 388호,010-8011-7111,kbag@example.net
이진호,87161,강원도 연천군 테헤란거리 607,민수박이아파트 850호,016-443-5753,rgim@example.org
장현정,40675,광주광역시 용산구 언주거리 425-17,지영이타워 L동 987호,019-683-8346,zyun@example.org
서민서,65738,울산광역시 도봉구 논현926가 751,민지이타워 D동 442호,016-040-9302,donghyeonyun@example.com
박정수,61586,경기도 홍성군 백제고분380길 386,영희양이빌라 784호,044-851-8715,sonyeongsig@example.org
박미영,61806,강원도 서천군 압구정00거리 699-51 (성수박동),경자최아파트,010-6061-7415,fgim@example.org
안미영,69038,제주특별자치도 홍천군 석촌호수549길 458-52,준혁이이마을 Z동 474호,064-725-0700,qbag@example.com
김민준,17369,인천광역시 양천구 가락로 853 (영진김동),지혜손양빌라,011-140-8286,subinjeong@example.com
윤영순,66560,충청남도 수원시 반포대길 366-78,영호황서마을,011-356-9439,hyeonju51@example.com
박은영,86838,세종특별자치시 강남구 선릉502가 688-5 (지연최면),순자이타운,033-468-4030,sangceolbag@example.net
최진호,74083,전라남도 서천군 역삼길 지하768,동현장아파트 R동 916호,061-164-3440,hyeonu27@example.net
김현주,03551,대구광역시 종로구 영동대5거리 88-39 (정남류안읍),미정이이타운,070-5365-9686,haeunyang@example.net
이지훈,11698,대전광역시 강남구 오금가 659,중수강아파트 419호,041-084-7339,junhojang@example.org
이영식,58888,세종특별자치시 금천구 백제고분355로 535-24 (옥자하리),서준이아파트 260호,052-000-0723,minseocoe@example.org
강예준,79135,부산광역시 종로구 삼성31길 203,주원박김마을,064-774-0553,misugi@example.com
박상호,19764,대전광역시 동대문구 테헤란280로 949-11,정훈노안아파트,033-674-5407,bagmisug@example.org
이영일,83054,세종특별자치시 강동구 논현로 지하375 (종수안면),상훈김김연립 964호,051-952-0825,sanghun84@example.net
이은정,95805,경상북도 양양군 학동998길 995 (광수박마을),영길김박타운 F동 347호,017-594-6518,sangceolbaeg@example.com
홍미숙,56039,부산광역시 은평구 논현길 259-77,지은양김타워 443호,062-914-9086,bgim@example.org
이시우,84360,대구광역시 관악구 반포대거리 403,상훈김타워,062-493-3445,yejuni@example.org
박은주,80825,충청남도 김포시 강남대거리 709-65,은서김임마을,02-5101-1604,mijeong68@example.org
박준서,99866,전라남도 용인시 강남대338로 11-17 (경숙이동),은서최강타워,02-0469-9835,mijeonghan@example.com
이도윤,38243,경기도 광주시 영동대7거리 697 (성호전마을),숙자홍주아파트 L동 208호,010-4766-9981,mgim@example.org
엄준호,78298,광주광역시 서대문구 강남대길 지하195,지후박신빌라 878호,011-994-8010,gyeongjayang@example.net
서경자,18910,인천광역시 동대문구 삼성로 868 (경수이마을),지원김타워,051-702-5573,ki@example.net
이영식,84780,대구광역시 강남구 반포대71길 352,영식김빌라 U동 917호,041-610-9277,janghyeonju@example.net
오민준,55583,전라남도 여주시 가락7거리 836-89,서연노이타운 C동 239호,044-798-1842,bagjihun@example.org
이영길,71534,광주광역시 강동구 양재천로 920-6,성현조송타워 042호,016-420-7026,sinjeongsu@example.net
양하은,30648,인천광역시 강서구 양재천로 708-63 (영일이동),지후박박마을,018-890-8640,ogja37@example.org
장예은,48899,부산광역시 광진구 영동대93거리 40-23 (정희윤오읍),성민김김연립 U동 485호,054-028-9591,hyeonji10@example.net
이명자,58137,경상남도 화성시 논현7길 831-10 (서준권동),혜진박타운 951호,011-619-0140,hyeonji73@example.com
심순자,04958,울산광역시 동구 영동대길 77,경희이하마을 마동 912호,055-102-5462,jangseungmin@example.com
민진우,38512,서울특별시 구로구 가락거리 297-65 (정훈나동),성진김타워,043-199-1826,yeongceolgim@example.com
최준혁,55156,전라남도 음성군 학동14거리 720,민수황마을 A동 062호,033-540-8140,ngim@example.com
김수민,89739,서울특별시 종로구 테헤란가 194,미숙신마을 641동 172호,010-3751-5665,xgim@example.net
조예은,09574,울산광역시 도봉구 언주거리 717 (은서양고읍),성호김박빌라,042-396-1748,si@example.net
이영순,78138,인천광역시 북구 잠실로 611-27,숙자노타워,010-1990-9447,juweon10@example.net
정성수,27711,세종특별자치시 용산구 도산대가 648,지영김연립,061-746-5700,hayun00@example.com
박춘자,31235,경기도 안양시 동안구 테헤란로 224-66,영철백타운,061-433-1838,misug14@example.net
한영환,00310,세종특별자치시 은평구 양재천676거리 305-36,하윤김연립,042-512-8758,gimjeonghyi@example.net
김영진,17374,전라남도 시흥시 가락길 115 (민석이읍),경자조빌라,052-629-3715,ihyeonju@example.org
지성수,04474,경상북도 천안시 서북구 학동5거리 516-65 (중수김김마을),현주이고타워 418호,019-937-5460,gweonyeongho@example.net
김서현,08734,세종특별자치시 서구 테헤란2길 531-64 (경희백마을),영식류아파트 E동 504호,010-4058-5759,hyeonjeong53@example.com
황경수,44386,전라북도 성남시 중원구 선릉3가 440-89,상철박민타워 582호,064-764-4387,ogim@example.com
김채원,39046,전라남도 철원군 테헤란로 594-47,채원김최아파트 938호,041-441-6855,wjo@example.net
한경희,99079,세종특별자치시 서구 도산대거리 77 (경숙장박동),민준이노마을 K동 543호,044-060-9413,ogja60@example.org
성서윤,68924,대전광역시 성북구 도산대로 347-17,은서최이마을,010-3582-7131,jeongsuggim@example.com
김상호,08764,경상남도 금산군 양재천301길 730,성현김빌라 312호,032-719-0906,yhwang@example.org
정경자,18235,충청북도 횡성군 압구정65길 623 (성호서리),지후박타운 Q동 043호,042-713-3208,anjeongsug@example.net
김재현,45114,대구광역시 중랑구 석촌호수가 709 (경희장동),동현김빌라 465호,019-755-6056,donghyeon84@example.net
박유진,14025,인천광역시 용산구 삼성거리 230,순옥안김마을 706호,042-478-2557,gimeunju@example.com
한예은,98169,전라남도 광명시 영동대로 242-75,옥순이장타운,061-294-3487,zgim@example.org
김성진,30342,대구광역시 강서구 강남대거리 187,우진이김연립 H동 142호,010-2707-5469,yeonghyi13@example.org
김준호,67845,대전광역시 도봉구 석촌호수6로 688-49,서준김연립 519호,052-804-9216,yeonggilryu@example.org
최미영,21789,경기도 예산군 개포로 470,도현김김빌라 902호,070-4487-6716,ihaeun@example.org
양승민,32230,광주광역시 용산구 봉은사길 지하320,진우윤타운 411호,010-4288-1169,boram17@example.org
황승현,77231,제주특별자치도 과천시 영동대2거리 761-6,서준박양타운,017-832-3385,mjeon@example.net
김현지,35130,서울특별시 용산구 영동대2길 257,선영신타워 952호,062-049-8988,guhyeonsug@example.com
박중수,53987,대구광역시 강동구 석촌호수가 631,경수노김타워 가동 010호,051-047-7896,aca@example.net
권병철,98810,충청북도 보은군 논현로 410-58,순자이안타운 마동 268호,063-093-4992,fbag@example.net
이영자,03315,인천광역시 동작구 학동823로 352-42,영철김김아파트,031-087-1045,sbag@example.net
권수민,20097,경기도 홍천군 잠실가 939 (채원전이읍),아름김타운,051-665-9558,eungyeong79@example.com
이성호,09306,울산광역시 은평구 삼성6가 131-56,재현김조타워,054-947-6516,gimsunog@example.org
안중수,56823,부산광역시 중구 가락482거리 539-68 (정숙이읍),아름이아파트 007호,070-2657-6768,nan@example.org
안영진,93100,광주광역시 영등포구 도산대거리 337 (영순권면),민재이노타운,02-3943-0475,fgim@example.org
구영수,13531,강원도 양구군 반포대가 366-64,준영이타운,070-2146-5899,haneunyeong@example.org
김미숙,98382,제주특별자치도 화천군 양재천가 818-11,정희박박타운 56동 950호,051-516-7746,lo@example.com
권정웅,09754,광주광역시 서구 백제고분거리 997,숙자양연립,044-568-5222,jeongja79@example.net
김보람,63927,울산광역시 중랑구 삼성00로 104,은정백마을 197호,062-506-3505,minseog03@example.org
이현우,35092,경상남도 예산군 잠실62가 615-89 (성훈황김읍),주원홍연립 153호,011-768-2099,junhyeog62@example.net
박성호,52352,울산광역시 중랑구 언주거리 827,준호이타운,041-729-9914,baeyeongsu@example.net
박지후,69113,세종특별자치시 용산구 서초대가 731,정웅김박연립,02-5920-1010,ogsun23@example.org
김지혜,44956,대구광역시 도봉구 삼성81거리 599,도윤김연립 972호,053-087-9834,hwangminjun@example.org
권경자,99692,광주광역시 서대문구 역삼00길 734-52 (서영이윤면),혜진이박타워 723호,032-886-1183,yeongil88@example.org
이명자,92003,충청남도 구리시 서초대49길 887,영진김강타워,019-925-1272,egim@example.com
이준영,36646,대구광역시 중랑구 테헤란24거리 900-5 (순자서마을),서준손아파트 I동 310호,070-4237-0614,seonyeong94@example.com
이서윤,22551,인천광역시 강서구 압구정223로 871-68 (춘자김김마을),광수김오빌라,043-926-4784,eunseogim@example.net
오성수,71494,인천광역시 동대문구 논현566가 621 (성진곽읍),민석김빌라,010-4081-8168,gimminjae@example.com
최서윤,80982,전라북도 서산시 언주0로 268-19 (서현박마을),현숙최최타운 994호,041-119-0758,jeongungmin@example.org
민영철,88713,부산광역시 노원구 서초대길 102,영수배연립 962호,054-345-3413,hyeonjeongjang@example.net
남아름,78775,경상북도 보령시 석촌호수937길 256-51,도윤이임빌라 나동 505호,061-699-1874,gimhyeonu@example.org
백서영,59035,세종특별자치시 강서구 서초대12길 738,준혁오김타운,02-3516-0752,sunjai@example.net
나민준,19057,제주특별자치도 여주시 반포대194길 37 (준서양홍읍),지영최타운,010-0601-2156,sunjanam@example.com
김시우,99097,경기도 시흥시 석촌호수025거리 135-52,정남김연립 172동 500호,041-543-9053,seongho22@example.net
임경자,62438,인천광역시 동구 석촌호수1로 331,서준박타운 202호,055-043-0046,seongjihun@example.net
이성훈,90756,제주특별자치도 제천시 논현4로 192 (종수이읍),영일장마을 551호,043-708-1383,gimsanghyeon@example.com
강영자,69968,제주특별자치도 남양주시 반포대가 274 (지은권조면),건우나이타워 S동 101호,054-864-6301,ybaeg@example.net
이현준,77724,부산광역시 강남구 석촌호수로 159-59 (상훈박면),경희서우타운 V동 369호,016-604-4958,jiahan@example.org
이정희,38168,충청남도 천안시 서북구 테헤란40로 269-48 (정자하동),경희장마을,018-825-9456,ogim@example.net
김서준,82634,경기도 수원시 선릉거리 907-8 (지아장김마을),정식이이아파트,053-448-9856,iseoyeon@example.com
임정자,13676,제주특별자치도 광명시 봉은사4거리 지하250 (성훈김이읍),채원박타운 F동 617호,051-955-9276,sujin66@example.org
한지연,09856,인천광역시 노원구 서초중앙778거리 870-77 (명숙최이마을),명숙김연립 029호,017-121-3064,imyeeun@example.com
김영진,80307,대구광역시 서초구 석촌호수로 505 (건우이김동),미영이서빌라 O동 717호,062-283-5212,kgim@example.net
최경숙,53091,충청북도 음성군 봉은사길 435,현숙안김빌라 R동 417호,044-492-6001,gimyeeun@example.net
고민준,89176,광주광역시 도봉구 삼성길 140-61 (영환김면),민지이마을 T동 288호,070-9236-2167,imigyeong@example.org
최성호,89697,세종특별자치시 송파구 가락88가 233 (상철우마을),정남이박마을 P동 509호,070-8741-1792,yunseo79@example.net
송준혁,83189,광주광역시 성북구 반포대86거리 지하990,성훈이김타워,063-817-4271,gwangsugang@example.net
백지민,06085,충청남도 안성시 언주09로 941,하은김타운 314호,033-464-5603,migyeong95@example.com
윤상현,65041,전라남도 안양시 동안구 석촌호수6로 540,하윤김박연립 T동 314호,061-743-6801,gimjeongsun@example.org
이재현,52933,인천광역시 도봉구 개포길 125 (보람홍김동),보람이최타운 K동 477호,02-6640-1559,vi@example.org
박영희,27980,전라북도 동두천시 삼성로 597,예지이연립,042-384-4226,wbag@example.net
안재호,18986,광주광역시 강동구 삼성4로 769 (영철하김동),채원심김타운 937호,02-8071-9921,baeminsu@example.com
박민석,96672,경상북도 정선군 선릉길 265 (지연김김리),하윤박김연립 Y동 506호,011-600-5532,junyeongcoe@example.net
윤준혁,84838,대전광역시 성동구 테헤란3거리 463,혜진박타워 M동 345호,032-817-0714,jinyeongja@example.com
서정자,15809,경기도 양구군 역삼07로 214 (현정황황동),예은박타운,054-679-7101,jeonghyigim@example.net
김아름,34527,대전광역시 광진구 학동100거리 661-80 (예지이마을),서윤김빌라 691호,052-934-9951,jaeho01@example.org
최병철,13556,경상북도 예산군 석촌호수가 970-23,현우김타워 M동 092호,031-992-0780,seongjingim@example.net
김정훈,43394,충청북도 옥천군 테헤란가 791,미정장타워,033-792-3600,haeun33@example.net
류영순,01310,경상남도 이천시 테헤란가 지하955 (지민배이면),현주진송마을 852호,051-511-8344,doyun32@example.org
박정자,99237,충청북도 서산시 오금길 723,은정최박타운 A동 291호,031-840-2633,seoyeongyun@example.net
곽주원,58802,충청북도 아산시 서초대거리 972-25 (진호박박동),지혜이이타워,044-266-8047,gimjungsu@example.com
민선영,58497,경상북도 안산시 상록구 영동대72길 821-53 (도현박이리),재현곽김타워 P동 577호,062-728-8029,bgim@example.org
송정식,57530,전라북도 원주시 압구정가 754,은주이박타운 C동 300호,051-010-5272,iyeonghwan@example.com
진정수,48265,제주특별자치도 성남시 분당구 테헤란거리 945,윤서최마을,052-563-5782,cyun@example.org
김민서,54531,제주특별자치도 양주시 반포대959거리 186,성훈최허타운 740호,033-699-6187,coeminji@example.org
최영철,42310,대전광역시 마포구 석촌호수로 894-36 (미숙권최동),정자김박빌라 617호,062-998-3243,kgweon@example.net
강도현,65795,서울특별시 영등포구 언주가 158,옥순서김타운 E동 952호,044-914-6744,bagseonghun@example.org
김영호,26881,경기도 양평군 서초대12가 185,현준류연립 H동 291호,019-534-8110,jihungweon@example.com
황진호,65381,부산광역시 중구 논현245거리 지하779 (영진장마을),현우이장연립 M동 790호,061-751-5676,jeongsu06@example.org
김선영,72442,전라북도 광주시 테헤란로 823-86,지현박빌라 724호,062-067-0734,jihyeonbag@example.net
이하윤,07789,인천광역시 양천구 역삼94로 722 (준서류권읍),미숙김신연립 I동 883호,018-311-1776,hayungim@example.org
이시우,42923,경기도 성남시 중원구 반포대로 50 (은경문이면),건우박김빌라,053-940-6278,ijungsu@example.net
박영길,72368,전라북도 부여군 서초대25거리 631,정남박연립 B동 186호,011-212-9136,yeongsugcoe@example.org
한은정,91103,전라북도 부천시 원미구 언주거리 지하229 (은영박마을),경희김지빌라,017-948-1886,minjuncoe@example.net
최예진,54799,강원도 파주시 선릉19로 656-24,지은이타운 596호,053-697-0859,gi@example.net
이진우,00145,경상북도 하남시 테헤란로 421 (건우나이리),윤서김마을 554호,016-009-8404,hanjaeho@example.com
이민지,11972,제주특별자치도 구리시 언주16가 147-79,미영이아파트 X동 190호,010-6551-8009,iminjae@example.org
오예은,72956,전라북도 고양시 일산서구 잠실9로 531 (준영심마을),승현전김연립 X동 559호,032-770-2050,yeonggil89@example.com
박정호,67979,세종특별자치시 은평구 학동01거리 586-40 (성진박리),승민이타운,011-461-7551,gimbyeongceol@example.net
지승민,46070,부산광역시 성북구 영동대6로 770,선영허박타워 N동 097호,043-161-4001,iyeonghyi@example.org
김민준,90233,인천광역시 북구 논현가 181-2 (민수김읍),춘자강아파트 B동 413호,051-109-5097,sanghohwang@example.com
윤승민,33042,전라남도 양양군 학동가 480,준서김장타운 T동 772호,051-289-6845,ji@example.org
김승민,53610,광주광역시 강동구 학동거리 271-14 (지민김마을),은경김아파트 J동 023호,010-9436-1951,bagcaeweon@example.net
강영환,36270,충청북도 화천군 반포대097거리 822,수빈박박타운,011-853-3157,jimini@example.com
홍미영,00980,충청남도 춘천시 논현로 979-97 (광수김김면),병철차빌라 477호,044-209-0662,minseog29@example.org
권건우,40116,세종특별자치시 도봉구 학동로 846 (정순이마을),춘자안타운,051-527-4440,ci@example.net
김지우,08569,광주광역시 북구 서초중앙가 지하540,도현김김타워 279호,031-784-8180,mijeong09@example.org
박광수,77634,세종특별자치시 마포구 백제고분57가 458-63 (민수배박면),영순김이아파트 20동 544호,062-551-5239,yeonggil91@example.com
최유진,12067,울산광역시 중랑구 백제고분가 707 (예원장동),재호이연립 다동 924호,043-611-3845,ubag@example.net
한병철,62008,경상북도 천안시 동남구 석촌호수487거리 759 (종수이동),서연이타운 바동 804호,055-621-1724,yejio@example.org
황민준,90125,인천광역시 서대문구 테헤란길 391,혜진최이아파트 191호,010-8610-4759,cgim@example.com
최지아,79872,강원도 가평군 잠실가 944,서준김타운,041-478-8161,jungsu88@example.net
이서윤,83168,충청북도 용인시 기흥구 개포가 425 (지우김이동),수민이빌라 804호,070-0655-6809,gimhyejin@example.org
이경자,98119,부산광역시 강북구 학동982가 118-39,준영이강연립,044-359-2297,yejini@example.net
이영호,57811,경상남도 고양시 일산서구 잠실가 752,준서이마을,02-0152-0356,ji@example.org
김성호,84822,경상남도 천안시 서북구 논현8길 664 (성수김동),옥순홍빌라 R동 803호,031-350-0425,caeweon78@example.com
이수진,65055,세종특별자치시 구로구 봉은사232로 783-53 (서연안김읍),정순김마을 552호,019-908-8488,zbag@example.net
최시우,61794,충청남도 진천군 학동길 294 (은경성김면),은영권아파트 마동 039호,053-752-9930,sujingim@example.com
이승현,58660,강원도 양구군 선릉거리 165-86,정웅민김타워,032-158-5204,pgim@example.com
박보람,71891,울산광역시 강동구 테헤란로 280 (현주류한면),미정김타운,054-087-7974,seongjinryu@example.com
권경희,92737,대전광역시 도봉구 역삼거리 지하733 (명자허면),유진김이아파트 982호,018-071-1324,jihye06@example.net
김예지,79241,충청북도 청주시 서원구 영동대가 357-47 (현정박양동),도윤백아파트 N동 180호,070-3559-1404,gimyeongja@example.com
최영수,86126,경기도 부천시 원미구 테헤란908거리 644 (영순서리),민석박서마을 F동 731호,062-795-7048,gyeongjagim@example.net
황지현,26657,경기도 안성시 개포98길 662,성민고김연립 275호,016-603-9076,psong@example.org
류윤서,22268,서울특별시 중랑구 학동로 837-37 (종수이동),하윤김최연립 456호,02-4073-9207,kgim@example.org
이수빈,50240,대전광역시 종로구 반포대1로 44,지연장아파트 437호,042-179-8959,gimjeongsu@example.net
최영순,79781,인천광역시 양천구 백제고분955가 498 (은주안면),은서김연립,019-482-2874,hyeonjeong66@example.com
김영철,51066,울산광역시 관악구 봉은사로 332-67,유진류오마을 359호,019-909-7781,seonyeong52@example.org
한진우,63430,전라남도 고양시 석촌호수25거리 324-16,재호윤홍아파트 271호,054-810-3440,minseobag@example.com
이건우,49618,대구광역시 강동구 봉은사839가 706-63,미정한빌라 A동 632호,010-4741-7070,mjang@example.org
이순옥,69045,강원도 서산시 선릉거리 194,춘자황주빌라,051-115-3782,yeongsug77@example.org
김지훈,15582,경상남도 영월군 역삼로 22,윤서임최마을 291호,033-325-7030,siubag@example.com
홍영자,32921,강원도 속초시 역삼58거리 154 (우진이읍),현지오이마을 가동 413호,052-651-3229,minjuncoe@example.com
김춘자,25934,강원도 수원시 권선구 삼성0가 지하57,상철구최아파트 Y동 010호,051-178-2015,bagjiyeong@example.net
안명숙,70719,전라남도 단양군 압구정913로 7-73 (정훈김면),예원김빌라,055-055-5373,seoyeongbag@example.net
황지은,07828,광주광역시 강북구 백제고분가 757,현우고송타워,070-7926-2594,seojeongsig@example.org
안상철,37652,세종특별자치시 영등포구 백제고분거리 326 (수민박읍),은정김마을 J동 817호,016-647-1537,ogang@example.net
김정훈,25368,인천광역시 송파구 개포길 187-66,명숙곽아파트,043-916-2252,siuhan@example.com
이우진,27652,제주특별자치도 의정부시 백제고분2거리 190,정숙박아파트 O동 252호,063-892-1040,cson@example.com
문준혁,78862,경상남도 시흥시 도산대길 22 (은지김김마을),영환백윤연립 796호,042-274-3286,jeonghyi42@example.net
김도현,21973,전라남도 광명시 학동19길 796 (윤서남마을),승현홍타운 341호,017-123-4358,gimmyeongja@example.com
김지후,17330,경기도 오산시 도산대707로 656-39,민재이송연립,042-887-0969,jihungim@example.com
김영진,98718,경기도 부천시 오정구 역삼길 269 (민재박동),은지김김타운,031-413-3535,dohyeon17@example.com
박진우,09547,충청남도 과천시 서초대로 996-74 (지은이리),명숙이이타워 789호,064-761-3907,ii@example.org
하서영,78386,서울특별시 송파구 가락거리 226-51,현지김타운,032-963-4332,ji@example.net
전민석,03947,충청북도 의왕시 서초중앙거리 706 (영일김김동),수민이아파트 A동 827호,041-459-5266,hyeonji18@example.org
김준서,05237,대전광역시 도봉구 서초중앙로 지하340 (수빈최서리),수민안서연립,041-011-1465,ihyeonsug@example.org
조현준,56082,경상남도 연천군 영동대07가 93,영숙박김마을,032-800-1215,ogim@example.net
윤옥순,04264,강원도 천안시 서북구 오금길 572-69,성진안아파트 R동 067호,032-146-1694,byeongceolbag@example.org
고옥자,57781,제주특별자치도 청주시 청원구 반포대2가 891 (준영이민면),명자구연립,016-944-9781,songjunhyeog@example.net
한옥순,90211,서울특별시 중구 가락5가 339,명자박성마을,019-036-6150,lji@example.com
박현우,36191,제주특별자치도 청주시 청원구 백제고분가 166,서준박오빌라 J동 446호,02-1911-5134,jeonghoson@example.net
이정식,49071,울산광역시 구로구 봉은사로 875-72 (은지윤면),경수김연립,043-612-9584,vi@example.net
김서윤,58842,세종특별자치시 송파구 서초대로 317 (재호백김마을),옥순이빌라 Y동 204호,051-073-7375,yeongjai@example.net
김은정,51543,인천광역시 강서구 개포거리 864,민지김아파트,017-249-6877,haeun27@example.net
손영호,87238,제주특별자치도 부여군 역삼길 964 (민서서안동),명숙최박마을 D동 213호,044-929-0006,hongjongsu@example.org
오준영,60867,충청북도 아산시 영동대가 74-86,영숙심성빌라 I동 572호,053-031-5150,yejinjo@example.com
진우진,25495,충청남도 성남시 분당구 가락거리 418-6,정남하백빌라 Q동 867호,011-738-0009,xryu@example.org
전건우,75401,경상북도 안산시 반포대길 323,서준이빌라,041-396-3570,eungyeong70@example.org
노혜진,11897,인천광역시 남구 영동대길 지하823 (혜진허윤면),준서이타운,011-497-9598,igo@example.net
최채원,27481,대구광역시 남구 강남대로 779 (정남권조면),보람박이타워,062-648-6935,iseonghun@example.org
서지현,78770,충청북도 용인시 처인구 학동1거리 386 (성훈차최동),정순박아파트,011-814-2759,ogang@example.org
김상훈,66402,서울특별시 금천구 도산대7로 지하967,선영윤김빌라 427호,033-982-2684,gimjeongsu@example.org
박종수,09468,충청남도 인제군 영동대가 206-80 (아름송김면),현지박김마을,044-306-6850,igyeongja@example.net
김영진,72131,제주특별자치도 금산군 가락721길 648-76,옥순김김빌라 D동 814호,010-5530-0737,jihyena@example.com
이승민,51940,대전광역시 서초구 강남대길 지하679 (하윤박면),성진최타워,051-982-1596,dgim@example.net
김유진,61704,대전광역시 동대문구 학동61로 835-80,재현박이타운 W동 335호,011-072-1137,coecaeweon@example.com
오현주,91292,경상북도 양평군 역삼가 124-73 (상철백이마을),현정장차타워 776호,052-231-5155,gson@example.net
손영진,77619,경상북도 옥천군 압구정144가 257,준혁김김연립,064-768-2101,hanyejin@example.com
박지민,27114,제주특별자치도 부여군 양재천거리 지하392 (민지김동),영자구아파트 355호,051-634-9067,eunjeong87@example.org
민영일,07548,서울특별시 성북구 학동9가 845-62 (상현박권동),진우오김아파트,051-622-9881,gimsunog@example.org
황영미,17640,대전광역시 강동구 서초중앙로 841 (유진류이리),지연이오타운,02-0445-5557,yejigim@example.org
권광수,91357,강원도 성남시 서초대509가 807-4,현우오빌라,064-732-7260,ujin11@example.com
김종수,22403,대전광역시 동대문구 삼성33로 715,승민박이타운 V동 593호,061-625-0923,ogim@example.com
심종수,21326,충청북도 영월군 가락길 586 (지아이류마을),미영하마을 470호,054-206-9729,haeungim@example.org
김상철,72020,전라북도 영월군 서초중앙911가 5,명자이권아파트,062-253-4627,ijaehyeon@example.org
김경숙,64684,제주특별자치도 고양시 일산동구 가락57가 716,예준이구타워 645호,011-245-1118,gangmisug@example.com
이현우,30267,부산광역시 중랑구 학동거리 175-9,서윤김김타워,070-6946-4465,bagjihu@example.org
김준영,43880,강원도 서천군 삼성가 835,민준강조마을,033-329-5668,gimmigyeong@example.com
김주원,80058,경기도 안산시 가락750가 지하927,현우이박빌라,062-600-1740,minjaeryu@example.org
김광수,84540,울산광역시 관악구 반포대9가 864 (영길박면),예진홍류타운,042-849-6258,hwangsubin@example.com
최은지,93256,울산광역시 도봉구 영동대79로 10 (준호박마을),영희이아파트 471호,032-205-9812,haeunnam@example.org
김재현,09717,부산광역시 종로구 도산대로 742,지은이김마을 52동 427호,019-895-1076,gimeunju@example.org
김민재,15543,광주광역시 관악구 양재천길 지하765 (민서박진동),영진오빌라,064-733-2843,coemyeongja@example.org
김채원,58344,경상남도 의정부시 영동대881가 41,정순오이타운 527호,044-300-8271,jeonghogim@example.com
민지후,17163,세종특별자치시 노원구 봉은사529로 583 (숙자박류면),지원김타운,062-790-5052,jiweonjeong@example.com
박준혁,23048,대구광역시 광진구 반포대로 104-20,진우허타운 R동 179호,070-4632-6392,yeongjinan@example.com
강예지,85705,경상북도 괴산군 오금84로 971-79,서영권주마을 M동 187호,02-9669-0156,geonujang@example.com
오미정,69686,울산광역시 마포구 도산대1로 299-46,지현김마을 S동 910호,052-321-3302,sumini@example.org
김시우,97692,광주광역시 구로구 삼성0거리 969-87,병철최노아파트,019-479-8108,junhyeog71@example.net
김춘자,89515,대전광역시 관악구 개포343로 863-12,옥자박아파트 630호,032-427-2896,fi@example.net
성현우,88963,경기도 안성시 압구정길 996 (도현박장리),은서나김타운 14동 342호,031-569-9815,minjun71@example.org
주예준,51709,전라남도 부천시 소사구 압구정94로 539,수민오정빌라 가동 066호,055-195-6942,iyejun@example.net
김지훈,00321,경상남도 청주시 흥덕구 석촌호수07거리 821 (준호최면),재현박손빌라 가동 147호,02-8181-1672,eunseo59@example.net
장순자,87159,강원도 천안시 동남구 역삼길 331 (미경김이동),정순홍마을 F동 941호,053-170-6651,gusanghun@example.org
강예지,82690,경상남도 수원시 영통구 잠실15로 826-81,현주권타운 966호,053-188-3631,iyeongho@example.org
양상현,69125,세종특별자치시 용산구 도산대63거리 688,지영이강연립 K동 310호,011-514-8319,vim@example.com
강숙자,74840,제주특별자치도 이천시 가락98가 지하327 (영숙김남동),보람서김타워 761호,016-851-4524,osanghun@example.com
이중수,11440,울산광역시 성동구 백제고분거리 45 (지아최읍),영일오연립 421호,016-268-4966,hanjihye@example.com
배순옥,63970,울산광역시 강남구 서초중앙5가 312 (우진정마을),진우김연립 X동 837호,044-315-3095,yujin35@example.net
이현숙,76040,서울특별시 동작구 삼성로 270,준혁이고아파트 X동 692호,054-028-0868,igim@example.com
성지원,82445,경상북도 시흥시 서초중앙가 727 (정남황유동),영순박허연립 D동 378호,052-235-7075,seohyeon49@example.net
장우진,18587,세종특별자치시 남구 오금가 707-65 (지민고마을),준서주타워 684호,051-776-1466,vi@example.net
황동현,68086,전라북도 수원시 영통구 가락9거리 621-69 (아름김남면),현지이이타운 673호,02-0384-2214,yeonggil92@example.org
장은정,86026,강원도 예산군 개포80거리 지하690 (서윤류마을),춘자김송연립 A동 531호,063-595-1053,ihyeonji@example.net
배은정,97940,전라남도 연천군 봉은사256길 435-54,현숙김타워 Z동 145호,052-358-3134,jinhobag@example.net
이지훈,74498,울산광역시 노원구 석촌호수길 276 (서윤서김리),예준권박타워,042-532-7529,byeongceol95@example.net
윤미숙,66262,충청남도 포천시 서초대4로 582-1 (은경박김리),정남이아파트 라동 057호,042-999-8777,jeongsigi@example.org
이명자,23288,서울특별시 은평구 서초중앙거리 881 (하윤배박면),영철김김빌라 210호,062-348-4770,mgim@example.org
오경자,91701,경상남도 고양시 역삼가 358-63 (지후이읍),은정김타워 229호,017-341-2935,seoyeon40@example.org
김지현,71150,서울특별시 종로구 언주288거리 지하517,서현이이마을 마동 775호,052-655-2755,gimmisug@example.com
엄시우,18035,경상북도 화성시 서초중앙88로 961 (서윤홍김동),성훈최타운 313호,052-666-7633,yeongil16@example.com
김영철,79261,경상남도 음성군 언주거리 28-92 (성현박권읍),성호이빌라,054-953-9110,seoyeong50@example.net
권정자,29930,경기도 양평군 논현가 441 (은서김리),영수박최타운,044-273-7921,jeongjia@example.com
박경자,90258,제주특별자치도 횡성군 도산대거리 666-38,은정김김타운 S동 484호,019-895-6898,jinugim@example.org
박성민,71454,전라남도 금산군 잠실가 834-81,옥자강홍타운 B동 318호,041-564-7407,dhong@example.net
최지연,15790,인천광역시 남구 서초중앙574로 23-13,현우배아파트,018-197-6152,ngim@example.net
이지우,21916,제주특별자치도 태안군 논현41거리 346-86 (승민김면),은경강빌라 671호,032-777-2888,mijeongjang@example.com
이서연,57344,전라남도 성남시 분당구 봉은사19길 507,재현박빌라 N동 301호,010-9745-4839,jiweongim@example.org
최영식,35877,광주광역시 송파구 서초대237길 662-81 (정수서면),지우김이마을 I동 767호,062-996-9552,gmin@example.net
이영수,45668,충청북도 용인시 수지구 잠실20길 78-1,도현오빌라,070-4763-4263,dohyeonan@example.net
김정자,91826,광주광역시 중구 선릉거리 263,성수서빌라 Z동 511호,018-568-0664,hyeonjungim@example.com
황승현,96402,전라북도 고양시 일산서구 개포969거리 412 (승현김면),수빈이타워,031-020-1148,bagsumin@example.net
김혜진,94652,경상북도 청주시 청원구 서초중앙3가 757,정자홍이타운 900호,042-048-9478,jeongsubag@example.com
서준영,03068,서울특별시 성동구 서초대016가 566,민재이김타워 383호,031-133-5556,vryu@example.net
이승현,67758,부산광역시 남구 선릉99가 603,성수이김마을,054-817-4687,jeongjahong@example.com
윤서윤,02651,울산광역시 성동구 석촌호수9가 826 (아름이이동),시우한타운 V동 492호,043-803-5391,geonu04@example.net
강민석,27904,서울특별시 강남구 석촌호수6길 194-71 (영숙강이리),예원안이타워 13동 945호,033-882-4603,haneunjeong@example.com
손민준,59107,전라북도 하남시 선릉로 917 (경숙강마을),숙자최나타워 N동 051호,019-298-0641,sunogjo@example.com
이성진,82494,대구광역시 중구 학동로 564 (하윤김리),동현최마을 J동 688호,051-710-2503,bagmisug@example.com
김보람,13976,광주광역시 남구 잠실52길 47-29,현우김타운 다동 987호,044-632-3068,yeongceol81@example.org
김숙자,94787,경상남도 인제군 선릉가 787-4 (승민박동),보람박연립,064-738-6533,jeongjagim@example.org
박은영,82038,제주특별자치도 청주시 흥덕구 서초대4로 838-96,동현박김타워 Z동 383호,019-064-1308,jeongja34@example.com
이현주,63770,강원도 서천군 봉은사로 305-49 (예지최마을),도현박연립 817호,019-735-2432,gimjeongsu@example.net
장민수,65437,경상남도 횡성군 역삼거리 824,미숙이이연립 944호,011-852-8341,pu@example.org
김영환,54135,경기도 안양시 서초대로 지하535,병철김이마을 829호,070-4957-9873,areum08@example.com
김지아,85171,경상남도 안산시 논현가 834-1 (성진이김면),영수김한연립 661호,052-807-6218,coeseoyun@example.org
박승민,74719,충청남도 용인시 처인구 테헤란2거리 182 (보람안읍),우진이빌라 449호,044-701-2746,hyeonjeong54@example.com
허정호,15703,전라북도 당진시 학동로 821,미숙이윤타워,043-425-6780,iboram@example.com
한성현,47348,경상남도 단양군 논현0거리 611 (윤서황리),민준김타운 K동 727호,054-122-9442,gyeonghyi50@example.com
김현지,32962,제주특별자치도 이천시 서초대로 946 (병철김서읍),혜진이타워 831호,018-693-5694,jeongsunmin@example.org
이경희,47257,울산광역시 영등포구 언주0가 273,준서이연립,054-197-5835,jeongnam19@example.com
이현준,01774,경상남도 수원시 영통구 선릉로 789 (정숙이읍),현우류연립 999호,032-883-1718,goyeongjin@example.com
안영미,75668,경기도 동두천시 서초중앙로 19-28 (하은강최마을),종수박류타워,054-676-0990,mijeongi@example.net
김은경,68552,대구광역시 용산구 석촌호수715가 986-68,시우강연립,051-404-1970,gimseohyeon@example.org
이준호,12938,충청남도 청주시 상당구 논현가 556 (영진강성동),은지배연립,042-937-7484,donghyeonheo@example.net
송지현,66270,서울특별시 동작구 반포대3거리 70-30,혜진한장빌라 O동 119호,017-973-8813,ibag@example.net
김은경,29755,울산광역시 서구 선릉거리 652,민석이이마을,031-288-5958,gimmiyeong@example.org
김지혜,19641,울산광역시 종로구 테헤란거리 429 (미영김김면),민준류최타워 J동 420호,053-790-5654,ngim@example.net
홍상철,70645,광주광역시 종로구 백제고분3가 826,채원김빌라,011-620-8593,hyeonusim@example.org
한상호,15648,서울특별시 동구 석촌호수로 828 (아름오면),서현하임아파트,016-983-9605,eunyeonggim@example.com
이혜진,85917,전라북도 광명시 도산대02길 490 (지연임읍),보람최아파트,033-203-6076,egim@example.org
김성민,51781,전라남도 태안군 잠실길 980,경수김김타운,042-085-6671,ijihun@example.net
조미정,78802,충청북도 안양시 동안구 서초대78로 173 (예진권면),영자박이타워,031-419-8060,gimeunji@example.com
전하윤,24009,부산광역시 서구 테헤란029거리 지하884 (영일지김면),영자김마을 837호,033-901-9102,ahan@example.org
김서준,06291,전라북도 양주시 오금846로 118-25 (영호김이동),명자오마을,070-8937-2388,gyeongsug43@example.org
이예지,09865,부산광역시 구로구 테헤란길 375 (영일심동),경수김타운,02-3487-3273,dcoe@example.com
최서현,75110,광주광역시 노원구 봉은사로 793-68 (예준최이동),혜진문아파트,041-543-7701,gimmigyeong@example.org
김정훈,67122,대전광역시 동구 학동가 964-69,지혜박타운 Y동 172호,055-282-0404,ki@example.com
이정자,26790,전라남도 오산시 압구정05가 294 (준서김우동),혜진최김빌라 861호,062-818-1441,seunghyeon02@example.com
박숙자,73986,전라남도 태백시 가락742거리 238,현우김홍마을 120호,031-160-1331,ebag@example.net
장우진,11218,강원도 고양시 덕양구 서초중앙길 388-38,현주우타운 N동 667호,044-489-3650,eunjibag@example.net
최지후,04546,충청북도 계룡시 학동가 지하36,영미구마을 L동 644호,016-568-8388,jiyeon39@example.com
전영호,24291,제주특별자치도 여주시 석촌호수250로 529-93,영희김양연립 M동 500호,062-652-5380,sanghyeonmun@example.net
김지원,17418,충청북도 용인시 수지구 잠실가 1-65 (은주김곽동),우진이김타워 W동 951호,055-383-8958,eunjigim@example.org
최정순,78487,제주특별자치도 단양군 석촌호수길 884-41 (정수이읍),상훈문오타워 966호,062-424-6693,hwangmisug@example.net
류영자,96849,울산광역시 영등포구 도산대거리 634-37,정훈김타운 614호,062-335-4236,gimjeongsug@example.net
민성진,53167,경기도 보은군 오금4길 563,준호박연립 906호,033-264-2707,vi@example.com
윤준호,35662,대구광역시 동대문구 압구정로 지하678 (지영문이면),지민김타운 664호,033-855-2986,seoyeonggweon@example.net
김현주,27821,인천광역시 관악구 언주186길 839-49 (옥자김동),정수오김아파트 702호,010-6287-4584,yeongilryu@example.net
김미숙,32858,서울특별시 성동구 선릉로 135 (준영조동),현정고박타워 108호,063-946-6408,mgim@example.net
김영철,96488,전라남도 평택시 압구정거리 490 (도윤최김읍),우진김곽타운 223호,051-481-3689,gimsanghun@example.com
김민석,99272,대전광역시 강북구 개포1길 134-20 (수빈백동),은정고김마을,070-6062-2460,jaehoi@example.org
양현주,22000,강원도 부여군 논현가 32 (성훈김김읍),상철이이연립 105호,010-0952-4452,jeonghoim@example.com
강건우,80009,대전광역시 양천구 가락626길 844 (성현류김마을),현정황타워 I동 300호,043-451-9659,egim@example.net
이영수,82652,서울특별시 노원구 삼성로 294,은주이김타워 010호,052-044-0843,gimsujin@example.com
최민석,49070,세종특별자치시 용산구 삼성98로 37-46,민준남마을,063-404-0075,siu03@example.net
황상훈,33491,대전광역시 강동구 학동가 939 (정호류김면),혜진강마을,061-989-7999,jiugang@example.net
박성훈,72324,전라남도 영동군 봉은사3로 434-82,예은박타운 D동 377호,033-179-8313,gimmyeongja@example.org
김종수,82181,전라북도 삼척시 영동대4로 132 (영호박마을),재현한김타운 637호,02-2524-8925,seongmin01@example.com
김준혁,65166,부산광역시 서초구 석촌호수거리 913-37 (민준최리),재현윤아파트,010-6340-2446,hyeonu61@example.org
김영수,49752,서울특별시 마포구 개포길 935-96,동현김이빌라 U동 241호,031-204-4540,gimseonyeong@example.com
김정자,93260,충청북도 고양시 덕양구 언주가 875-85,정자김문아파트 J동 702호,054-371-5520,jimingwag@example.net
김승현,94452,대구광역시 금천구 반포대로 지하265 (영진하리),정식나타워 바동 424호,017-689-5949,sunjai@example.org
이영일,63583,강원도 부천시 원미구 서초대가 317,정식이최마을 M동 362호,051-487-2733,seojun48@example.net
황옥순,42826,제주특별자치도 화천군 테헤란6가 433,숙자윤타운 392호,033-272-5095,seongsu73@example.com
이성현,00883,울산광역시 마포구 석촌호수451가 567 (영환김동),영숙이김마을 가동 697호,032-290-3038,simjiweon@example.com
김영미,96514,대전광역시 용산구 백제고분7길 지하599 (서윤서나리),진호이고아파트 831호,02-8217-3663,jgweon@example.com
김지현,70367,대구광역시 남구 가락611길 364-68,경수김연립 다동 922호,032-475-8737,hyeonjigim@example.com
김서윤,64600,제주특별자치도 안양시 동안구 삼성259로 869 (현주김강마을),옥순송마을,042-998-4801,bagyeonggil@example.com
최보람,33338,전라북도 계룡시 서초대로 172 (서영장서동),서준김송빌라 826호,052-488-0029,hyeonsugjin@example.org
김성호,44580,대전광역시 관악구 석촌호수거리 617-38 (영환김이동),서현이이마을,043-097-6827,yi@example.org
배정식,94690,광주광역시 송파구 봉은사5가 445,지훈황허아파트 932호,043-162-2425,myeongja79@example.net
이현숙,41845,부산광역시 용산구 테헤란3길 813 (아름주마을),도윤박박연립,02-4346-9734,jinho09@example.net
이영식,08657,경상북도 증평군 잠실로 539,영수임박타워 다동 115호,055-784-2636,jinhogim@example.org
김지원,20186,충청북도 양양군 도산대294로 335 (성진김리),순옥김양타운 481호,033-151-5020,junhyeogyun@example.org
김지영,91113,경기도 수원시 팔달구 선릉5거리 786-99 (수민이곽마을),춘자윤타운 532호,062-585-6100,hyeonju28@example.com
나영수,59745,인천광역시 강동구 가락925가 117-39,정웅김이마을 B동 344호,054-839-1854,dim@example.org
양지원,91581,충청남도 제천시 봉은사24거리 555-27,미정한백마을 878호,041-872-7262,hongseongho@example.com
김보람,83056,울산광역시 도봉구 영동대428거리 107-39,준혁허이연립 52동 533호,018-681-2551,myeongjagim@example.com
최정숙,96518,전라북도 보령시 도산대길 235-38 (민지강마을),도현김고아파트 A동 326호,055-663-7786,gweonjeonghun@example.net
강선영,53320,세종특별자치시 중랑구 석촌호수188거리 546 (영철최신동),순옥신장마을 486호,041-641-7891,seoyeonbag@example.com
지수민,90702,인천광역시 도봉구 언주거리 397,수민서이타워,032-587-8438,gimmijeong@example.com
이은영,80380,경기도 철원군 백제고분40로 지하161 (영순차읍),준혁김타워 K동 493호,033-193-3470,fgim@example.org
황경수,73867,울산광역시 동대문구 테헤란길 715 (정식김마을),준혁김송타워 640호,031-595-4527,yanggyeongja@example.net
이준혁,10278,경상북도 음성군 역삼길 5-31 (정남엄김동),숙자손박연립,043-657-5460,yeonggilca@example.com
황재호,81679,대전광역시 노원구 봉은사거리 521-38 (수민김리),예준이이연립 686호,064-744-0776,vi@example.net
안광수,70060,울산광역시 은평구 압구정가 126-28,지민박문마을 555동 920호,017-707-1414,gojia@example.com
장서윤,29034,강원도 광명시 영동대54거리 768,하윤박타워,070-8052-3599,sgim@example.org
김영미,89878,인천광역시 은평구 언주85길 257 (주원류면),서준김홍빌라,062-884-6934,coeseunghyeon@example.org
김미경,59050,경상남도 서산시 삼성길 145 (도윤곽면),민지최문마을,070-5726-5313,eunjiha@example.net
김영철,85112,경상남도 보은군 양재천68가 364-11,선영전이아파트 050호,016-495-4838,seoyeon05@example.net
윤서영,18822,충청북도 동해시 석촌호수길 지하957 (영호윤최면),민석김빌라 174호,011-275-1855,gimyeongho@example.com
이미정,01598,부산광역시 동구 서초대가 274 (정훈김황동),영숙박타운 다동 233호,042-990-6395,seonghyeoni@example.com
한은영,94405,광주광역시 동작구 논현거리 250-62,보람이이연립 119호,062-378-3184,eunjiryu@example.com
이명숙,01319,전라북도 홍성군 학동길 570-85 (지원문이읍),춘자구황타워 723호,055-152-5814,sumingim@example.net
서성호,06438,전라북도 계룡시 서초중앙거리 497-85,승민이윤아파트 575호,031-259-5160,juweon94@example.net
조현정,98228,울산광역시 서대문구 개포7가 지하848,영환구타운 004호,061-951-0407,ugang@example.net
류건우,42424,제주특별자치도 고양시 덕양구 논현거리 484 (지은노동),민서김우아파트,043-433-7383,jyun@example.net
권정호,06490,충청북도 안산시 상록구 양재천가 590 (미숙조장리),은영양오아파트 949호,053-475-8519,xgim@example.org
최영수,84501,부산광역시 서초구 역삼가 371 (은정박김마을),정자김연립 R동 954호,02-3496-9960,yunseo44@example.com
하영희,16503,강원도 화천군 개포로 373-27,정자장아파트 316호,010-1118-1144,yujin10@example.com
강정자,02507,강원도 영동군 서초대6길 616,아름김이아파트 451호,011-650-1370,jeongung17@example.org
김도현,31134,경기도 용인시 처인구 삼성로 851 (정순김면),상현장연립 467호,041-848-4181,ijeongja@example.org
송종수,61269,부산광역시 동작구 반포대길 943 (경수황읍),지아배연립 다동 588호,031-379-3747,pjo@example.com
김경숙,71898,인천광역시 서구 오금거리 7-14 (예진김동),서현박연립 899호,032-568-4724,jeongja69@example.org
김영환,26398,대전광역시 강서구 삼성로 633-34 (영호심김리),영자김빌라,031-893-0178,gwangsu88@example.org
박수민,59796,서울특별시 관악구 영동대로 8 (채원이홍리),민준송빌라 12동 781호,017-894-1588,hayun29@example.com
이미정,89448,경상남도 청양군 언주0길 247,성현백성타운,053-066-3294,jeongsighan@example.com
홍영환,94009,서울특별시 도봉구 언주거리 373-63,미정김김타워 986호,018-023-1635,sujin74@example.net
박경수,25602,경기도 계룡시 영동대거리 442 (민석이김읍),수빈박전빌라 Y동 556호,016-331-3693,jiweon23@example.org
김민서,78117,대구광역시 성동구 강남대65거리 839-13,미숙이허연립,011-344-2449,sugjahwang@example.com
이영철,68705,제주특별자치도 횡성군 가락663가 지하526,지아이김연립 B동 062호,063-664-7872,yeji52@example.net
문준영,33999,전라남도 의왕시 가락가 96-55,영길홍타워,041-930-9133,xgim@example.com
황성진,82269,부산광역시 종로구 오금211거리 380 (진호김읍),지연이김타운 673호,011-494-6853,jeongsu02@example.net
이하은,01952,인천광역시 동작구 테헤란길 492-71 (정수임이리),시우홍김마을 D동 171호,031-443-3083,areumgim@example.org
박정호,91831,충청남도 공주시 압구정82로 427 (윤서이마을),경수노오타워,032-298-8535,bagyeweon@example.org
구지후,29155,전라북도 고양시 서초대길 717-87,서연양마을,044-140-4535,gimminseog@example.net
장선영,98834,충청남도 청주시 흥덕구 논현거리 182,수빈김연립 S동 997호,010-7301-6184,ryuhyeonjun@example.com
안영희,47198,대전광역시 남구 봉은사60거리 259,은주김마을,064-762-9081,hyeonjigim@example.com
김성수,62904,서울특별시 동대문구 언주16로 953,성수김이마을 Z동 283호,054-718-0210,jeongsungim@example.com
홍현숙,32817,광주광역시 노원구 학동5가 996,지아손아파트 964호,051-114-5121,baeyeji@example.org
황유진,03395,대전광역시 관악구 백제고분60로 608-17 (동현이면),현정이아파트 바동 659호,031-410-3320,gyeongjagim@example.org
주정수,34705,경상북도 천안시 동남구 학동가 286-86,숙자박박아파트 696호,041-407-2374,ihyeonjun@example.net
김건우,95317,충청남도 용인시 기흥구 오금729로 681-48,상철김마을 988호,062-889-2778,seonghyeon41@example.org
박중수,87894,세종특별자치시 중랑구 백제고분0로 지하199 (광수김권마을),민석이빌라,042-357-5794,tha@example.com
송상현,81685,서울특별시 송파구 잠실길 284 (현지이이동),수민박박타워 T동 728호,064-740-3347,sumin89@example.com
서건우,74455,세종특별자치시 서대문구 가락2길 지하231,은영박양타워 I동 988호,042-485-2751,geonumun@example.org
안영희,90294,전라남도 천안시 동남구 역삼가 555 (정희이곽면),승현이타운 987호,041-182-4725,gimyeongja@example.com
조상현,29394,광주광역시 용산구 양재천067길 825 (하윤김리),영순김임아파트 208호,017-592-4108,ijihu@example.org
최보람,24169,경상남도 수원시 팔달구 석촌호수426거리 930 (경자박읍),민수문박타운 734호,054-321-5288,hgim@example.net
박예준,53430,세종특별자치시 강북구 도산대824가 958-73 (미숙김강리),정훈최이아파트,053-739-6091,myeongsug42@example.com
김유진,68917,전라남도 안양시 테헤란로 145 (지훈이서마을),명자김연립 223호,010-5208-1383,sunjagim@example.com
김영길,38125,전라남도 당진시 영동대312길 211 (미경이동),민지양마을 728호,032-437-0553,jiweonsong@example.net
장상훈,78212,대구광역시 관악구 백제고분899로 136,정자이아파트 939호,052-960-9132,gimsugja@example.com
김현우,91618,전라북도 의정부시 삼성가 662,민석박홍타운 132호,010-5025-7456,gimjunseo@example.org
박종수,72901,대구광역시 서대문구 논현거리 420,숙자구빌라 021호,032-875-2657,gimseonghyeon@example.org
나상훈,06561,대전광역시 강동구 강남대거리 150-44,현지양강타워 845호,054-459-7771,ryusubin@example.net
김종수,75055,경상북도 청주시 서원구 반포대가 746-6 (경숙김주리),하윤장연립,032-767-3439,jeonghuncoe@example.net
강우진,39588,경상북도 파주시 선릉로 271 (서윤김김리),준영배타운 341호,044-415-4730,jihyeongang@example.org
문윤서,72787,경상북도 공주시 양재천315로 342-83 (영식김이읍),순옥김심타워,016-012-7919,oi@example.com
이현숙,80835,세종특별자치시 마포구 개포99로 지하334,영일장김타운,010-9135-0493,jihye49@example.net
박하윤,31307,울산광역시 영등포구 강남대가 613 (경희강읍),상현한타운 164호,018-360-6890,hyeonjeong93@example.net
박병철,06218,충청북도 의왕시 오금221로 702,동현김김타운 M동 284호,018-388-3296,minjio@example.org
장예지,47406,경상남도 철원군 삼성7가 853-9 (정남박허동),은경김조아파트 G동 064호,043-565-7457,seohyeon87@example.net
김채원,30538,전라북도 평택시 잠실가 278 (윤서배김마을),상호이연립 Q동 802호,051-667-2125,jaeho21@example.net
황성수,67443,전라북도 태백시 양재천로 484-64,성민홍타운 261호,052-512-5503,man@example.com
박수민,74189,광주광역시 성북구 개포거리 475-92 (미영김이면),성민오김연립 295호,016-231-0387,hwangjunyeong@example.net
이주원,99412,충청북도 보은군 잠실가 620-43,민수권이아파트,018-665-6974,abag@example.org
최영순,14033,서울특별시 서구 오금9길 750-38 (민수최임리),지영이박타워 677호,042-877-1518,myeongjayang@example.net
최준서,61791,대전광역시 마포구 강남대가 345-17,준서김빌라 라동 454호,042-383-3628,gimeunji@example.net
주시우,31011,서울특별시 강동구 삼성길 854 (미정황최면),서현오이타운 Z동 673호,011-513-8416,sanghyeon53@example.org
이지훈,50586,제주특별자치도 수원시 영통구 개포로 861-3 (성현김리),현지김김타워 I동 999호,055-969-9513,seoyeong93@example.com
윤경자,59524,강원도 서천군 영동대370길 지하94,경숙이김빌라 마동 961호,070-6645-3886,hyeonjigim@example.org
김동현,13223,대전광역시 성북구 역삼가 600-26 (영길김동),하윤박김마을 968호,064-737-6466,sanghyeoni@example.com
권현준,80607,서울특별시 양천구 서초대거리 128-6,지민이타워 066호,061-432-5674,bagareum@example.com
이성수,92456,서울특별시 용산구 논현69길 625-10 (정숙안박리),영숙김서타운 N동 268호,043-370-8204,gyeonghyii@example.net
김상철,78961,인천광역시 동대문구 오금78길 190-1 (혜진조리),수진최마을 E동 593호,017-977-8585,mijeong60@example.com
이영미,49952,전라북도 속초시 봉은사6거리 884,상호강타운 103호,064-709-1584,jiyeong41@example.net
최숙자,66703,울산광역시 강남구 영동대가 822-81 (현주오동),진우김빌라,019-688-8349,seojongsu@example.com
장영길,44899,경상남도 하남시 강남대2로 지하342,수진이연립,032-163-6104,ijieun@example.net
최영길,36019,강원도 안산시 압구정688거리 175 (지훈이한마을),우진우빌라 174호,017-736-6786,ijungsu@example.net
이민재,27837,세종특별자치시 강북구 서초대450로 319-74,현주이아파트,032-779-7938,nbag@example.org
서종수,38675,세종특별자치시 구로구 오금길 지하180,예진손타워 C동 214호,031-266-7750,mcoe@example.net
이현정,86864,인천광역시 성동구 언주99가 196 (영일류이면),미정김타운 B동 828호,02-0523-7084,gyeongjabae@example.net
김상현,29613,세종특별자치시 송파구 영동대207길 541,유진박권아파트 697호,019-574-1504,jaeho47@example.com
김경희,87256,강원도 횡성군 강남대가 76-34,준영최김타운 161호,019-886-0311,yungwangsu@example.com
고은영,93625,광주광역시 강서구 반포대39길 지하296,경희류김아파트 401호,031-858-5809,ji@example.org
김미숙,19736,서울특별시 중구 가락로 740-12,순옥차아파트 858호,016-307-2647,jeonghuni@example.net
조정호,04329,충청북도 계룡시 잠실거리 647-3,영식황서빌라 532호,042-646-6242,agim@example.com
윤영진,04207,강원도 수원시 장안구 양재천길 66-3,예진장김마을 296호,02-4589-4924,yeji68@example.org
김민준,56161,서울특별시 양천구 압구정가 33,도윤장빌라 A동 290호,033-325-8250,seongmin78@example.com
강숙자,76577,전라남도 평창군 백제고분1길 5 (정숙이이동),민서이타워,064-792-8431,dgim@example.org
김도윤,13193,울산광역시 성동구 잠실거리 714 (영수이이마을),영수한마을 라동 412호,02-8664-4496,gimminseog@example.org
고영숙,49562,인천광역시 종로구 봉은사01길 29-22 (도윤박이리),성수노연립 K동 085호,011-433-5554,yeongja96@example.com
박준혁,34776,경상남도 양평군 반포대8로 459,현우배강타워,02-9900-7306,yeongilbag@example.org
이예준,09021,대전광역시 강남구 가락535길 136-52 (중수백동),성호이최마을,062-063-8331,iyeongmi@example.com
이현정,72350,광주광역시 성북구 개포395길 175,영순김송연립 633호,051-298-7873,li@example.org
최서영,51042,충청북도 오산시 압구정823거리 889-94 (춘자이읍),지민이아파트,042-835-5720,seongsuan@example.com
김은주,02674,세종특별자치시 마포구 강남대490로 619 (현준이서읍),숙자이노타운 U동 926호,019-940-2199,yeonghwan42@example.com
이도윤,77070,전라남도 화천군 서초중앙003길 90,하은김연립,062-687-0806,sumin71@example.com
구민석,14897,강원도 보은군 양재천로 24,승민박송아파트 061호,011-584-8937,minseo45@example.com
최영수,45626,인천광역시 송파구 강남대38로 883 (동현배마을),수민이빌라 180호,032-049-1015,zgang@example.net
오예지,11999,부산광역시 금천구 논현거리 491-68,윤서박김마을 B동 537호,052-469-7895,coejihun@example.com
김경자,50452,대구광역시 동대문구 삼성477거리 429,춘자이빌라 732호,052-051-9723,eunyeong95@example.net
김지아,11941,충청남도 홍성군 가락735로 948,성진박홍마을,051-584-5801,hongyeonggil@example.net
박민지,13015,세종특별자치시 동구 서초중앙1가 781 (정식김박마을),재현김빌라,064-718-0368,yeongmi65@example.com
김은정,26106,대구광역시 동작구 잠실00거리 396-12 (은정오읍),예원윤빌라,055-434-0461,gi@example.net
강진호,07027,충청남도 수원시 장안구 강남대길 지하343,수빈오이연립,011-530-7827,jimin45@example.net
송성현,34225,대전광역시 남구 개포88가 275,지영이이빌라 198동 513호,064-718-2560,gimjeongho@example.org
나성민,31271,경상북도 가평군 개포34로 798 (혜진김안마을),은경김김빌라,051-864-8870,coedonghyeon@example.org
박도현,23718,충청남도 수원시 장안구 학동434길 404 (도현이김면),민지이마을 523호,010-4307-2452,jinho14@example.com
윤지현,96304,세종특별자치시 구로구 논현0로 296-60 (채원박이동),영자김김타워 435호,062-767-1762,junyeongyun@example.org
이영길,84244,충청북도 고양시 일산서구 강남대20가 34,정희최연립 L동 258호,062-356-2409,eunjiseo@example.net
황정호,22554,경상북도 충주시 논현길 410,상호곽안마을 U동 074호,043-872-4833,jeongsu75@example.org
박순자,64637,부산광역시 강서구 학동61길 774 (미경김전동),예원김연립 157호,041-796-6306,yeongil24@example.org
김정웅,39085,전라북도 옥천군 서초대601거리 28,숙자황마을 A동 131호,019-457-4897,myeongsuggim@example.com
민정훈,89573,경상북도 보은군 봉은사가 454,지후김타운 662호,032-225-2763,gwangsu78@example.net
윤종수,18830,광주광역시 도봉구 강남대거리 782-42,예지이박아파트,019-909-1399,gimseungmin@example.com
백아름,32141,강원도 공주시 학동3로 442,영희김타워 B동 183호,044-367-7184,gbag@example.net
김영수,58767,충청북도 이천시 석촌호수길 955-59 (명숙김이읍),선영곽홍마을,010-6955-2225,yeonggil90@example.org
이현준,43930,제주특별자치도 양구군 오금2로 851-14 (정숙손이동),지연김마을 K동 969호,033-218-4113,phong@example.com
이지영,62290,충청북도 청양군 삼성거리 781-80,준혁이마을 O동 808호,041-828-8948,vcoe@example.com
김진우,45660,광주광역시 강동구 반포대로 574,춘자문김연립 920호,032-343-8631,jangminsu@example.org
허정순,80620,서울특별시 동구 양재천597가 321-48 (채원이마을),재현김안연립 Y동 367호,064-797-5288,hyeonsugi@example.net
황성훈,78820,전라남도 성남시 가락길 555 (순자박박마을),순자남윤타워 129호,033-369-8411,vgim@example.org
김미경,47191,경상북도 강릉시 테헤란936가 지하799,정웅김이빌라 005호,016-676-9101,minsu73@example.com
박준영,98317,광주광역시 서대문구 압구정26로 463-83 (현정박안동),종수장김타워,041-600-4840,seonghyeongang@example.com
박재현,21168,경상북도 광주시 서초중앙거리 445 (옥자김마을),서윤이한마을 A동 369호,041-381-9775,junyeong00@example.com
김은서,19344,전라남도 고양시 일산동구 언주075로 413-91 (민석김마을),진호이이아파트 P동 070호,042-998-8930,sugjagang@example.com
구순옥,69496,울산광역시 북구 서초중앙로 438-87,종수손권연립 107호,063-773-2491,ryujeongung@example.com
김숙자,99320,경상북도 포천시 오금88길 787 (동현김읍),현준최이아파트 385호,033-777-3739,ieunju@example.org
강지우,91116,대전광역시 구로구 영동대0길 799-53,성현김아파트,043-632-8338,coegwangsu@example.com
구지원,94393,대전광역시 동구 도산대길 84-74,하윤김타워 A동 147호,062-207-2603,seohyeon74@example.net
한승민,93678,대구광역시 서구 압구정로 534 (성호하김리),은주김타워,02-5990-5957,coejuweon@example.org
곽건우,56639,강원도 동두천시 개포로 919 (현숙김마을),현정강연립 360호,016-379-7903,junyeonghan@example.org
박민지,41123,제주특별자치도 부천시 소사구 영동대0로 1-22,준호윤아파트 164호,061-875-7235,seonyeongna@example.org
김순자,37021,전라남도 옥천군 잠실로 134,은정전아파트,055-521-5138,miyeongi@example.com
하광수,47635,대전광역시 마포구 삼성로 471,영순백마을 라동 120호,055-292-0176,wmun@example.com
최아름,38447,울산광역시 은평구 개포22로 291-29,지원김빌라 E동 885호,011-030-9704,juweon78@example.com
박승현,62340,전라남도 여주시 영동대23길 176 (지연김배읍),지후안문타워 603호,032-728-5479,yeongil80@example.com
김정웅,75541,강원도 화천군 삼성가 961-51 (종수박김면),도현성타워,02-9628-0270,myeongsug25@example.org
김미영,71652,부산광역시 성북구 개포0가 지하965,영일김최연립 L동 488호,043-762-4701,si@example.net
김상훈,04086,전라북도 보령시 압구정4가 837,도윤이빌라 759호,043-370-9030,fgim@example.org
박옥순,10440,충청북도 안양시 학동52길 855-81 (지훈김양면),미숙김김타운 가동 442호,011-341-7903,gyeonghyi36@example.net
박영철,06829,경기도 홍천군 압구정가 693 (미영배김리),옥순황윤마을,016-883-3431,ggim@example.com
김진우,44531,광주광역시 구로구 서초중앙758길 877 (옥순김면),도현배마을,061-323-8051,byeongceoljin@example.net
김영자,33473,부산광역시 강동구 도산대149로 지하624 (건우배읍),민수장장아파트,016-511-2271,jeongjungsu@example.net
김준혁,47384,세종특별자치시 동구 서초대0가 901-22,현준송타워,055-492-8754,eunjugim@example.org
이미숙,71050,충청북도 군포시 개포75길 948-75 (서현황민읍),지훈이마을,064-723-5732,bagseonyeong@example.org
손진호,32611,울산광역시 송파구 서초중앙086로 948,은주백타워 187호,042-586-5040,sgim@example.org
윤영철,51864,대구광역시 북구 석촌호수가 601 (광수김김읍),미정권오타운 U동 840호,011-565-4763,yeongjahwang@example.com
강숙자,26545,대전광역시 송파구 논현가 79 (지우김송마을),미영박빌라 D동 083호,043-949-4856,seunghyeonan@example.net
이시우,67709,대전광역시 노원구 영동대6로 695-30 (미정박동),영길이김아파트,064-772-9816,egim@example.com
노정남,42732,제주특별자치도 태안군 봉은사가 375-28 (민지오문마을),승민강허아파트 405호,02-3547-7151,imseunghyeon@example.net
김준호,78718,광주광역시 성동구 서초중앙0로 지하383,은서장최마을 J동 058호,055-487-7796,jeonghungim@example.com
이경희,71829,광주광역시 금천구 가락88로 551,준영고타운 151호,063-729-9255,jihun08@example.net
남수빈,08242,부산광역시 남구 봉은사로 868,예준이타운,018-687-1096,jodonghyeon@example.org
손은주,37363,충청북도 광주시 역삼11길 지하524,지아윤타운 376호,061-579-0825,jiyeonyun@example.com
김순자,19684,경기도 성남시 분당구 백제고분가 94-59,지우김장타워,019-180-7735,sugjai@example.org
박혜진,33604,강원도 삼척시 삼성40가 57,정수김타워,016-397-9330,yeongmi04@example.com
박수진,04485,전라남도 여주시 언주59가 164,도윤조최아파트 655호,016-204-7214,yeongsungim@example.com
김예진,48688,경상북도 남양주시 양재천거리 706,서영김서빌라 Y동 235호,031-772-1012,areumi@example.com
박진우,77667,경기도 수원시 장안구 양재천4로 373-13,정호장타운 나동 889호,054-451-3296,tbag@example.net
박경수,02259,인천광역시 중랑구 봉은사길 344-23 (병철강장면),서준백연립 가동 909호,055-520-0999,gangsangho@example.org
김영자,29470,광주광역시 마포구 강남대로 43-20 (아름남이읍),윤서이마을 068호,031-093-1396,yunseoson@example.net
이성현,96982,전라남도 시흥시 영동대거리 554 (지혜허읍),영식김이연립,043-561-6694,siui@example.com
박정수,82657,세종특별자치시 광진구 언주가 704,수민김타운 112호,070-3676-8200,wjang@example.org
최은경,03075,경상북도 삼척시 학동길 지하953,준혁박하빌라,033-776-4178,jongsubag@example.com
서명숙,79841,경기도 하남시 압구정거리 564,현준김김마을,033-032-6665,bagminjun@example.net
황지민,25425,부산광역시 강동구 선릉5거리 129 (은영김이면),주원지한연립,061-010-3138,yejun16@example.com
강광수,49025,경기도 오산시 테헤란572길 708,주원최김타워 Z동 658호,041-394-4715,hyeonji94@example.com
허현주,75120,전라북도 천안시 동남구 잠실길 409-8,명자박아파트 다동 763호,011-609-4023,kgim@example.com
조현지,47272,제주특별자치도 횡성군 백제고분거리 771 (시우김읍),영환김박빌라,064-709-0625,jinhoseo@example.net
송준영,26930,울산광역시 양천구 테헤란가 272 (동현고동),정숙최연립 다동 226호,016-164-5833,seominjun@example.org
이민석,93744,전라남도 음성군 삼성로 796-50 (예원이김읍),정웅김타운 Z동 946호,051-158-4004,phong@example.com
김시우,50530,강원도 청양군 선릉길 872,정남최빌라 799호,017-574-2977,jeongung02@example.org
권병철,36943,충청남도 태백시 잠실58로 738,정웅남박타워 076호,054-242-5773,gimjunhyeog@example.com
박지은,06541,세종특별자치시 동구 반포대로 143-49,서영김마을 O동 065호,054-667-4854,hongjunhyeog@example.com
김승민,40197,울산광역시 성동구 삼성831거리 144 (지현박마을),은경오남연립 N동 528호,018-154-3406,dohyeoni@example.org
이영호,29911,경상남도 서산시 백제고분길 108-61,진호이장빌라,063-209-5079,icoe@example.com
박영미,01502,서울특별시 강북구 석촌호수거리 546 (현정이이읍),민수강박연립 524호,016-578-6416,yeongceol11@example.org
민종수,36482,제주특별자치도 평창군 오금85거리 683,정수이진마을,051-951-0767,areum51@example.net
강숙자,73439,강원도 여주시 학동8길 537,민준이아파트 M동 788호,064-723-7918,myeongsuggim@example.net
황상현,52150,대전광역시 서초구 선릉6로 지하523 (영철송리),병철박김빌라,054-666-5265,seungmin42@example.com
윤성훈,95585,서울특별시 강남구 언주거리 742,주원서빌라,017-159-9356,bagjunho@example.net
이정호,31675,서울특별시 종로구 반포대88거리 53-98,현우장한연립,02-5999-7812,qbag@example.net
배성현,13383,전라남도 철원군 가락가 968-93,명자심이타워 M동 094호,064-787-5431,bi@example.com
강준영,71345,인천광역시 양천구 반포대624로 지하374 (미정김손리),지민김연립 109호,054-159-6004,kbag@example.net
한지후,16280,대전광역시 관악구 역삼길 229-43,정자권서타워 L동 486호,033-993-8162,ihyeonjun@example.net
주정훈,95448,인천광역시 동작구 학동로 444-90,승현김배타운 Z동 839호,016-399-0470,seomiyeong@example.org
류재호,94429,울산광역시 마포구 논현99거리 467 (민석김이면),지연손김빌라,033-459-6914,iseoyeong@example.com
황영희,90747,광주광역시 마포구 개포028로 219-46 (영숙진황마을),영길성아파트,016-106-1131,hgim@example.net
이동현,94886,전라북도 청주시 흥덕구 봉은사652가 349-91 (서준이면),종수이빌라,043-996-7689,ggim@example.net
김지은,40950,대전광역시 마포구 압구정0길 94,민지남마을 769호,061-560-4221,jeonghogim@example.org
김예준,08341,충청남도 평택시 가락로 33-85,정훈유아파트,052-636-9565,mi@example.net
이하윤,66731,충청북도 안양시 동안구 반포대96거리 382-6,상현윤조연립 350호,054-282-2205,ggim@example.com
황채원,11979,부산광역시 중랑구 논현147가 382,재호이타워 507호,010-9336-7460,gweonmijeong@example.com
서지훈,34633,충청남도 계룡시 서초중앙1로 627-91 (승민김리),정호이이빌라,041-981-3022,gwangsu25@example.com
이현우,69680,서울특별시 종로구 개포20로 934,민재이연립 F동 038호,063-270-5892,mseo@example.org
김영일,14073,세종특별자치시 강서구 서초대198가 159-39 (성훈이마을),경수최타운 215호,064-793-5962,jihyeongim@example.net
박예지,30843,경상남도 양평군 압구정549로 466 (도윤박마을),수진김타운,010-5439-1674,xgim@example.org
김지민,20090,충청북도 음성군 압구정15가 970 (동현김박동),지은김마을 840호,053-840-5982,gudonghyeon@example.com
박명자,97096,제주특별자치도 철원군 서초중앙2가 지하312,도현김서타워 375호,063-281-2439,eunjui@example.com
김준영,90837,대전광역시 동구 개포220거리 766 (정수윤유읍),성민송타운 P동 222호,033-757-6770,minsui@example.com
강미경,87004,부산광역시 구로구 선릉로 304 (채원정박동),지연김강마을,02-5299-4675,gimseongmin@example.org
김성훈,38527,인천광역시 구로구 선릉거리 58,수민최김마을,043-032-7310,yangminjun@example.org
안준영,28507,대전광역시 강동구 석촌호수가 742-41 (명자윤고리),준호서이타워 364호,044-357-7538,gangseoyeong@example.org
손은지,37374,충청북도 충주시 가락거리 157-19 (서윤김곽마을),광수이장타워,044-908-0721,yeongmi66@example.net
이경수,78359,전라남도 아산시 영동대3길 55,영호박마을 134호,062-010-2903,egim@example.com
장영자,55754,서울특별시 양천구 오금342로 562-16,성훈이빌라 368호,02-2579-0637,minjun69@example.com
김현정,57683,강원도 성남시 수정구 서초중앙383로 986-40 (지후김읍),병철박허타운,016-930-1875,seoyeong86@example.org
이영진,26558,세종특별자치시 종로구 백제고분로 231-39,경자김타워 R동 765호,017-218-0450,bagsunog@example.net
이민재,55806,인천광역시 강북구 봉은사길 15 (미영조면),진우윤김아파트,031-899-4213,iboram@example.com
김성현,83426,대전광역시 금천구 영동대19길 411-90,은경김아파트 708호,052-687-8583,juweonbag@example.com
나영숙,02569,경상북도 횡성군 반포대1길 지하558,은경지연립,033-989-9695,seonghyeon51@example.com
이수빈,28113,경상남도 연천군 테헤란길 지하985,승민권허타워 P동 250호,052-324-1558,ebae@example.net
오서윤,40180,제주특별자치도 화천군 선릉05거리 716,예진양양빌라 860호,055-373-3318,mseo@example.net
최지후,87217,충청남도 여주시 백제고분24가 151 (정자윤마을),영순오아파트 967호,063-997-6334,qgim@example.com
강민수,20645,강원도 평택시 석촌호수로 86-89 (상현백장동),영희최타운,032-028-8605,dgim@example.org
김성호,17006,경기도 부천시 오정구 학동11길 2-37,현지박타워 G동 517호,032-732-2187,hgim@example.net
김영일,63595,강원도 서천군 석촌호수81길 817 (지영이송면),미경구타운 R동 273호,061-884-7434,baggyeonghyi@example.org
이아름,55106,대구광역시 은평구 개포거리 166,현우이연립 701호,070-7984-6316,migyeong34@example.com
김도현,74449,강원도 원주시 반포대가 351,재현이마을 L동 359호,055-108-4489,bagsujin@example.net
이민수,65723,전라북도 수원시 팔달구 영동대거리 397,정순김타워 P동 973호,052-221-3657,iseojun@example.com
류준서,70727,부산광역시 도봉구 가락434길 14 (민지민김리),성호윤마을 369호,041-650-9606,gimujin@example.org
김명숙,83276,경상남도 정선군 서초대가 지하445 (상호양박면),지훈안배아파트 460호,053-883-4688,jueungyeong@example.com
이숙자,41382,대구광역시 성동구 언주6거리 905-67 (은지김민동),은경김김연립 313호,055-384-3576,ogsun74@example.com
차옥순,59416,울산광역시 송파구 서초대29거리 99 (영호문문동),재호이고타워,063-633-5417,yeongho75@example.org
전영길,85339,대구광역시 마포구 삼성가 385,선영김타워 C동 432호,064-774-5278,minsu71@example.org
이하윤,72125,세종특별자치시 금천구 봉은사가 지하287,순자최타운 Y동 345호,011-615-9895,jinu21@example.net
김지은,21801,부산광역시 양천구 가락48가 421-43,은영김빌라 775호,033-591-0404,lgim@example.org
김민준,52140,대구광역시 중랑구 학동69길 818-91,은정장아파트 88동 146호,070-3400-9767,gimyeongmi@example.org
장미정,98418,대구광역시 영등포구 석촌호수가 180-4,도현이서타운 701호,010-1604-8559,yangsangho@example.org
고미숙,75979,부산광역시 중구 개포거리 488 (서준송최읍),지은이마을 D동 894호,018-775-6641,seonghunbag@example.org
이민수,18016,인천광역시 관악구 양재천로 400,지아최송빌라,017-269-1068,jangjeongnam@example.org
황영환,35438,충청북도 아산시 논현9거리 226-95 (민재김동),도윤구이연립 34동 295호,033-141-7872,caogja@example.net
김민서,03062,충청남도 괴산군 개포길 674-21,민지김안타운 337호,064-764-6355,ygu@example.net
문승현,56262,강원도 공주시 서초대길 지하874,지혜문김마을 955호,064-777-9690,jiyeoncoe@example.com
김채원,53045,제주특별자치도 남양주시 강남대로 449-49 (숙자박김리),정남이타워 P동 778호,062-582-6323,junho69@example.com
박영일,88091,광주광역시 용산구 도산대가 711 (순옥허마을),서준남아파트 618호,02-6419-4234,bageunjeong@example.net
오은지,05749,경기도 성남시 분당구 가락거리 543 (성훈나전면),주원임남마을 O동 764호,063-493-1123,jeonghyi98@example.org
김성민,86115,제주특별자치도 제천시 학동로 791,은경안김마을 X동 232호,064-766-5290,coejihu@example.net
장경희,57504,광주광역시 금천구 학동3가 292,우진이이마을 O동 455호,016-054-2570,hgim@example.net
이정희,70315,경상남도 안산시 논현거리 216,상철박아파트,032-468-1282,eunjeongjo@example.org
차민서,10112,강원도 하남시 역삼가 289,명자김마을 395호,019-142-8716,minjae67@example.org
진미숙,55142,세종특별자치시 강서구 개포로 40,성수장타워 V동 711호,019-644-4730,bagyeongjin@example.com
황지은,94783,경상북도 진천군 영동대로 886,중수성연립,044-422-6543,simyeongjin@example.org
김병철,77674,전라남도 청주시 청원구 반포대거리 866 (성수김강동),승현장마을 436호,031-413-4106,jiu40@example.net
박옥순,89862,경상남도 원주시 서초대길 428,현숙김빌라 826호,064-714-9227,jihun00@example.net
박옥순,04034,인천광역시 동구 삼성86로 775-87 (진호서동),옥순노연립 496호,016-725-2259,seongmingim@example.net
이진우,41161,울산광역시 중랑구 언주길 422-57 (경수김황마을),승민김아파트 910호,017-551-4967,gimyeweon@example.org
김성훈,63977,세종특별자치시 관악구 양재천779가 38,영진배홍빌라 X동 143호,041-047-1587,dgim@example.net
류서윤,54710,서울특별시 마포구 가락로 863-34,지원김정연립 097호,016-703-2780,eunyeonggim@example.net
이경수,05231,충청남도 횡성군 삼성582길 지하755 (은영김김리),영숙손타운 455호,041-983-9117,hyeonjugim@example.org
이현우,34024,충청남도 계룡시 오금가 385,성현김타운 C동 299호,042-602-4546,fi@example.com
박영길,00745,충청남도 서산시 백제고분가 875-54,정식허타워 L동 104호,016-610-6781,sji@example.org
김은영,90982,세종특별자치시 용산구 가락15거리 455 (숙자최동),영수문타워 U동 635호,019-559-7871,ggang@example.com
이상훈,17982,대전광역시 영등포구 도산대길 209 (지원배면),서영김빌라,044-244-0073,boram37@example.net
이옥자,79069,전라북도 용인시 수지구 강남대9거리 135 (정수김마을),옥순김빌라 X동 346호,070-7001-2766,jungsugim@example.org
양수민,91200,인천광역시 도봉구 가락가 42,서연백주빌라 O동 100호,032-054-0899,tgim@example.net
이준혁,35114,광주광역시 중랑구 논현가 205 (진호김동),수진유타워 582호,070-6534-5993,ccoe@example.org
최정식,67515,전라북도 홍천군 선릉869가 935,지원김이연립 S동 213호,033-490-6378,minjii@example.com
이서준,94988,경기도 안양시 석촌호수06거리 지하852,도현김강타운 610호,063-323-8939,sujin77@example.net
김영진,70730,강원도 속초시 오금01거리 170,승현허마을,070-4921-1255,ji@example.com
김춘자,53530,강원도 영월군 언주639가 244 (성현백동),상현김김빌라 K동 530호,02-2928-9092,gyeongjahan@example.com
김정자,87192,세종특별자치시 종로구 개포246길 508 (지민김김읍),민준박연립 691호,053-338-9705,yunmisug@example.net
윤영식,17895,부산광역시 중랑구 서초대가 425-5,정숙안빌라 Y동 750호,062-204-0228,rgim@example.org
차영일,14941,경기도 평택시 봉은사길 137-17,서영이마을 023호,033-074-1037,jeongsug63@example.org
김예은,66814,전라남도 홍성군 반포대453로 672,지은정빌라,070-6718-2695,fbae@example.org
안준호,62317,인천광역시 북구 압구정로 938-99,현주박빌라,017-243-4058,seojuni@example.org
장영자,18766,세종특별자치시 종로구 영동대가 306 (현우오김동),진호홍백타운,011-320-6783,jeonghun56@example.com
오민서,22355,대전광역시 은평구 개포27길 230 (서현박마을),미경권빌라,016-606-1140,seonghunca@example.com
이하윤,30838,충청남도 서산시 논현거리 739 (준혁이리),상훈박타워 879호,018-633-9282,cseong@example.org
김성훈,00697,전라남도 천안시 서북구 오금953길 405 (진호안임읍),은서박아파트 E동 508호,031-864-9961,areum36@example.com
김정자,82909,경상남도 평택시 강남대길 75-64,은경김빌라 E동 576호,064-784-9453,baghyeonsug@example.org
송영순,40631,충청남도 평창군 학동로 72-25,정식성안연립 729호,054-341-3605,dca@example.com
박정호,22978,서울특별시 남구 역삼로 416,채원박아파트,017-337-6970,ansugja@example.org
이영희,25103,대전광역시 강동구 강남대994거리 118,수진이타워,064-739-9812,jia08@example.net
우수진,94723,울산광역시 성동구 강남대로 348 (우진고이읍),현지박아파트 G동 751호,044-033-0218,eunjeonghong@example.org
강예준,86210,인천광역시 영등포구 개포4로 708-46,지혜김최아파트 785호,017-433-9413,ijunseo@example.net
김정남,23235,경상북도 강릉시 학동4로 586,정희문최타워 가동 246호,063-491-7995,yeonggil44@example.com
이경수,66719,전라북도 동해시 논현거리 981-6 (명자김마을),아름김윤타운 839호,033-111-4732,jiweoni@example.org
조순자,69389,충청남도 용인시 처인구 역삼가 718-7,수민김박빌라,054-389-9756,bmun@example.net
임정수,30901,서울특별시 북구 테헤란길 864-84 (성진김동),예진장마을,018-392-7057,misug31@example.net
류정희,18144,경상북도 천안시 동남구 테헤란141가 162-96,영식최손아파트 067호,02-4041-2779,sangho40@example.net
한진우,15052,대구광역시 성동구 가락02가 743-28,승현백최타워 724호,061-517-6783,eunjeong41@example.net
곽수진,77017,충청북도 철원군 가락692길 873 (중수남동),순옥한김연립 722호,054-293-6653,isumin@example.net
김은주,71010,제주특별자치도 화성시 양재천거리 205 (은지이읍),혜진허타워 981호,017-895-2297,ihaeun@example.net
김영호,65095,전라북도 아산시 역삼03거리 662 (영호안마을),명숙황권빌라,044-919-1648,ojang@example.com
박하은,99016,충청남도 태안군 학동거리 277-34,지민강아파트 620호,033-877-4760,bagdohyeon@example.net
김지은,14433,광주광역시 중구 강남대20로 333,미경이이타워,054-472-9140,seoyuni@example.com
김예진,15136,강원도 안양시 가락8로 821-76 (선영박이읍),서연권김타워 928호,061-021-7982,gimyejun@example.net
김승현,89961,대전광역시 노원구 오금가 836-22 (건우심동),지우김서연립 C동 531호,041-752-8930,sanghun76@example.net
조지연,06980,울산광역시 동구 양재천로 459-50 (병철김읍),진우이아파트,031-444-7179,ngim@example.net
김보람,14208,전라북도 철원군 양재천거리 683 (은정고김읍),성호백권아파트 870호,042-408-1109,sangceol79@example.org
임성민,29691,경기도 성남시 언주100길 853-32,지원류타운,041-384-5099,hyeonjeong81@example.net
윤정숙,38055,충청북도 이천시 석촌호수길 824 (현주김면),지영이이마을 883호,010-2421-5278,hyeonsug39@example.net
김서연,93569,세종특별자치시 중랑구 학동거리 218-24 (정남양읍),정남이최타운 D동 642호,042-325-9291,idohyeon@example.org
이숙자,69152,경기도 여주시 선릉2가 577-10 (성수구지리),보람이김마을 525호,016-944-1142,munboram@example.net
이정남,48725,경기도 성남시 양재천181거리 607-62 (영길박리),지원김박빌라,043-515-0151,ycoe@example.net
이하은,99799,충청북도 계룡시 반포대625거리 57-85,지혜김연립 P동 797호,016-285-3536,fgim@example.com
심현우,97755,인천광역시 강동구 압구정로 939 (지훈고권읍),도현송마을 H동 747호,042-888-1485,seonghyeonsin@example.net
이준서,43511,서울특별시 강서구 봉은사3길 402,옥자강타워 728호,032-711-5240,baeogsun@example.org
박재호,77367,울산광역시 강북구 가락길 375-22,영수유아파트,051-936-7103,pseo@example.net
김영환,70954,세종특별자치시 서구 영동대658길 367 (주원박오동),경자남최타운 R동 512호,043-521-3598,jongsu94@example.com
이동현,90487,경상북도 청주시 흥덕구 삼성거리 324,종수박김타워,032-343-9966,minjii@example.net
박정식,36989,세종특별자치시 동구 봉은사길 900-7 (상현오마을),정자진타운 V동 308호,019-554-8794,minjun94@example.net
최서준,60639,충청북도 시흥시 논현가 433 (상현김김읍),예지장아파트,010-7543-4218,qjeong@example.net
양아름,91884,제주특별자치도 보령시 봉은사81거리 155-44,예준주김타운 K동 572호,051-279-0960,yunjunho@example.net
박현준,90272,전라남도 가평군 서초중앙가 356 (영일임리),민수류마을 마동 370호,054-049-9378,jeongja11@example.net
이영수,98549,충청북도 용인시 수지구 서초대가 913,서현김김빌라 142호,064-768-1651,bgim@example.net
서지혜,97236,세종특별자치시 양천구 삼성로 744 (민지이김면),도현김김타워 802호,031-345-1211,zi@example.net
오재현,04565,울산광역시 강북구 봉은사가 지하256 (상호박김마을),순옥김연립 434호,032-199-4699,heojimin@example.net
김은서,19069,부산광역시 동구 선릉61거리 389,경숙신박타워 Y동 693호,043-512-3359,hyejin11@example.org
엄지후,15642,광주광역시 중구 테헤란거리 42,서준김타운 W동 791호,054-482-0450,jeongseonghyeon@example.net
최선영,63008,강원도 홍천군 도산대거리 23 (건우윤황면),순자권김마을 N동 687호,051-385-9147,migyeong66@example.com
이동현,20443,강원도 화천군 가락3길 124,순옥김타운,061-746-7080,lgim@example.com
류예원,57901,울산광역시 광진구 삼성가 839 (지원김마을),예지배빌라 T동 849호,054-531-4171,yangyeeun@example.com
김영숙,90499,부산광역시 관악구 영동대2가 445,재현이타워 C동 682호,032-026-1497,dha@example.org
권중수,44284,인천광역시 강서구 서초대354로 316 (서현이읍),시우김김타워,017-842-7484,jujungsu@example.net
진지후,71524,제주특별자치도 성남시 수정구 도산대길 327 (현우민박마을),영호안아파트 Z동 841호,053-121-9163,vgim@example.org
김혜진,55324,충청남도 안양시 동안구 선릉거리 165,지연박김아파트,033-584-8803,mo@example.org
김지연,63087,경상북도 괴산군 영동대길 532,영환서김빌라 340호,041-914-3141,jinu16@example.net
김준영,35065,울산광역시 금천구 논현길 888 (도윤이손면),상훈박김아파트,031-421-4553,ogim@example.net
최민준,58481,충청북도 하남시 학동0거리 지하790,은정홍타운 314호,010-6270-3725,baggwangsu@example.com
이하윤,05638,울산광역시 영등포구 영동대길 745-48,유진안마을 480호,051-451-2687,yi@example.com
진건우,63617,충청북도 정선군 압구정36거리 487 (정숙강마을),지원손이빌라 956호,019-853-0569,geonu91@example.com
박수민,79262,대전광역시 서대문구 논현23거리 167,현정이이타운 616호,032-426-3118,misugi@example.com
이도윤,48424,제주특별자치도 안산시 선릉0길 769-3,상훈박이연립 B동 029호,061-047-7402,boram86@example.com
김정남,07023,전라북도 이천시 백제고분가 683-63,현숙김타운,055-243-3902,bagminseog@example.net
김미숙,86075,광주광역시 동대문구 언주거리 298,영진박타워,019-073-3530,bagyeongil@example.org
이선영,18729,대구광역시 관악구 선릉가 453-35 (현우권이마을),지민김마을 R동 184호,018-905-5098,seonghyeongim@example.net
류은영,24560,대구광역시 금천구 양재천가 지하496 (선영최면),지민허박빌라 W동 570호,054-479-8175,hyeonsugcoe@example.net
이지혜,03569,제주특별자치도 서산시 반포대가 654,은지서이타운 647호,010-7038-8664,yangyejin@example.com
김성훈,15603,광주광역시 영등포구 서초대509거리 62,현지이김타운 B동 035호,041-392-0224,ni@example.net
황서영,66736,충청남도 속초시 영동대066로 312-55,현정이빌라,054-933-9299,zbag@example.net
김진호,23958,충청남도 안산시 단원구 도산대로 751 (영환박박면),은서류마을,044-976-2184,cayejin@example.net
손지훈,84358,전라남도 용인시 수지구 논현로 679-98,유진윤빌라 403호,054-271-3525,jojeongung@example.org
한숙자,41588,부산광역시 종로구 석촌호수로 112,진우김이아파트 다동 785호,055-334-6476,sangceolhwang@example.com
엄수민,30834,전라북도 음성군 압구정3길 434-67 (명숙임동),아름강마을 777호,063-649-3077,hyeonjun20@example.org
김수빈,61898,부산광역시 송파구 역삼597길 489 (시우이박마을),정자박김연립 149호,054-738-9791,tgim@example.net
김민준,75423,강원도 오산시 반포대5가 지하390 (영호김김동),서연김장아파트,043-145-9416,aseo@example.org
백지혜,63890,경상북도 수원시 팔달구 삼성거리 178,예원송타워,054-955-6182,eunjiim@example.org
박경수,96716,부산광역시 송파구 영동대거리 19-29 (경숙김읍),서현김박타워 421호,016-192-4251,seunghyeongim@example.com
권광수,03651,서울특별시 양천구 오금15로 297 (주원양조읍),미영김최타워 355호,070-2191-5279,minjaehan@example.net
강서윤,66407,전라북도 안양시 만안구 봉은사거리 176 (건우김하면),성훈이김연립 529호,051-185-9974,eunji06@example.org
신준혁,31251,부산광역시 중구 영동대로 281-23 (시우오동),명자박아파트 X동 857호,033-453-0921,ujin58@example.org
김동현,39541,울산광역시 도봉구 논현696거리 164 (진호이동),현지김김타워 596호,010-3658-1606,sangceolbag@example.org
이재현,74714,충청남도 충주시 서초대가 95-50,보람이박빌라 998호,052-744-6909,doyun73@example.org
송영희,36922,강원도 광명시 가락가 644,중수박연립 395호,032-592-0148,misug94@example.org
양경희,71180,울산광역시 남구 양재천805가 373,은영김타워 139호,052-867-3239,seongminjang@example.org
김지아,67669,전라북도 시흥시 도산대로 421-5 (준서박박읍),준영김심타운,032-647-6757,hongminseo@example.org
배미경,58979,전라북도 화성시 반포대40로 342-60,건우양이마을 031호,043-065-0146,cunjai@example.com
안보람,91421,전라북도 부천시 언주8거리 97,성훈이타운 U동 612호,070-9334-7264,gimjeongsun@example.net
이상훈,33733,대구광역시 성북구 테헤란4거리 684-73,하은우장타워,032-534-8767,ggim@example.org
최영진,04964,서울특별시 송파구 가락가 799 (윤서김나동),윤서김김타운,032-610-4159,donghyeon99@example.net
김현정,97674,대전광역시 성북구 영동대길 215-14,혜진이강빌라 C동 803호,064-701-2807,yeeunjang@example.net
김순자,29779,경상북도 단양군 테헤란40길 129-22,예원김한연립 Z동 594호,052-113-2739,gyeongsu69@example.net
심선영,83590,충청북도 안양시 학동1거리 32-9,지아이박연립,051-566-4825,yeongmii@example.org
김정훈,92483,경상북도 고양시 덕양구 석촌호수00가 275,예지구타운 나동 059호,041-590-2324,hi@example.com
이시우,39333,울산광역시 강동구 오금10거리 336 (현준최류면),경희김마을 X동 800호,018-140-7861,egim@example.net
강순옥,17499,부산광역시 용산구 잠실길 958-66,예은권타워 V동 055호,062-155-9582,mi@example.com
김서현,16852,광주광역시 성북구 반포대길 260,지은김아파트,018-971-2757,gimminjun@example.org
최준서,90261,울산광역시 강서구 선릉435가 121-31,지훈박백아파트,064-772-7849,jaehogim@example.com
서광수,65317,전라북도 태백시 삼성길 986 (현준이마을),영호이타운,02-8490-9278,sanghoi@example.net
김재현,96811,서울특별시 강남구 양재천로 지하494,지후김김타운 217호,064-749-8434,ybae@example.org
김정남,58275,서울특별시 동작구 양재천616가 677 (영환김리),은서김박연립 K동 458호,019-441-9068,gyeonghyigim@example.org
김춘자,64023,전라북도 화천군 오금7길 지하724,지현박마을 985호,011-396-1486,bgim@example.org
김상훈,29746,경기도 충주시 잠실로 702,영자홍서아파트 707호,055-452-8209,hyejinbag@example.net
홍옥순,65574,대전광역시 종로구 개포가 753-25,하윤김안마을 076호,052-507-6843,jinho06@example.org
김영식,95415,충청남도 진천군 선릉7로 300,지원김이빌라 H동 750호,054-168-4682,imisug@example.com
손민수,07398,대구광역시 은평구 언주230거리 991,도현진아파트,064-752-9424,yeongsug52@example.net
장정희,56003,광주광역시 양천구 봉은사길 357-5,미영김김연립,043-754-7739,minsuhwang@example.com
윤현정,43224,광주광역시 도봉구 봉은사로 374,아름남이타워 223호,061-696-1999,heoseungmin@example.net
송재호,39314,대전광역시 동작구 선릉길 388-63,순옥장아파트 060호,051-948-7551,seoyun30@example.net
이현숙,20745,광주광역시 강북구 언주가 823-99 (서준나동),재현김아파트 L동 436호,051-077-1503,haeun18@example.com
김상현,25802,광주광역시 관악구 강남대가 지하543 (미정이황면),현숙황연립,017-583-2429,jiajo@example.com
박지은,59455,전라남도 파주시 선릉가 895-34,영길황빌라 102호,070-8074-2438,iseunghyeon@example.com
박영호,61156,경상북도 공주시 강남대로 2 (현준최동),영철권마을,02-9755-1456,xgim@example.net
김승현,66895,경상남도 괴산군 도산대887로 714 (정호박동),서현이남타워,064-773-2777,tbaeg@example.org
정유진,68188,서울특별시 은평구 서초대가 155-30,예은지타워,054-324-5594,ijihyeon@example.net
김정희,19141,광주광역시 도봉구 백제고분67가 801-29,지원김박마을 707호,02-5011-5726,wbag@example.net
이상현,20181,전라북도 수원시 장안구 양재천길 지하964,미정박한아파트,055-462-3150,isunja@example.org
김수민,93638,경상남도 광주시 석촌호수가 573-64 (경희하리),현준박박타워 094호,053-847-6240,eunjumun@example.com
김서준,53158,충청남도 증평군 백제고분4거리 352-78,지현홍한마을,016-242-4425,jeonghyicoe@example.org
최지은,05393,경기도 수원시 영통구 삼성거리 593-18,영길강한아파트 다동 335호,011-436-3575,ejang@example.com
김지영,97443,대전광역시 성북구 오금55로 162,지은이아파트 406호,043-708-1929,gimseohyeon@example.net
장영호,05301,서울특별시 동작구 삼성로 403-29,하윤차타워,02-3280-4141,byeongceolcoe@example.com
김미숙,28296,인천광역시 광진구 서초중앙길 161 (은지김읍),은주정김타워 V동 950호,052-159-0015,byeongceol58@example.org
문정훈,74621,서울특별시 영등포구 잠실길 295-16 (경희김리),상호이빌라 367호,043-345-1875,hanmigyeong@example.com
이수빈,76437,전라북도 공주시 잠실06가 지하554 (민서이면),정자김마을 659호,042-611-1441,qsim@example.org
백경숙,84695,경상남도 증평군 언주6로 502 (영숙안면),지아홍마을,044-687-9833,egim@example.org
최성호,15685,인천광역시 영등포구 선릉94가 705,성현김타운,062-310-0515,ei@example.net
이영식,28780,대전광역시 송파구 가락069거리 799-10,지연이심연립,031-761-9459,gimyeongsu@example.org
문현정,50780,전라북도 안산시 봉은사95거리 400 (순자김리),성호남심연립,018-033-0230,jongsui@example.com
박시우,02645,인천광역시 금천구 도산대가 164 (영희나안리),민준서타운,053-762-9978,yeongsiggim@example.com
김수민,20258,인천광역시 중구 언주4길 363-51,영미이타워 C동 304호,041-918-1781,ni@example.org
김민수,72175,광주광역시 송파구 가락5가 403-29,경자송이연립,051-823-4587,yan@example.org
양옥순,33160,인천광역시 동작구 석촌호수거리 905-67 (정희류읍),진우김배타운 V동 653호,044-833-4092,jeongsu79@example.org
장명자,89970,세종특별자치시 강북구 역삼66가 지하113 (영환이민리),지혜이최타워,02-4625-3391,iyeongja@example.com
김미경,50620,충청남도 홍성군 도산대가 578-11 (재현박읍),영자우빌라 306호,043-193-8604,tgim@example.com
이명숙,56866,충청남도 화성시 논현거리 846-5,경수서타워 475호,033-687-0669,ni@example.com
김은서,52261,광주광역시 중구 양재천길 805,정순조타워,033-216-0403,yeongceolbag@example.com
박승현,80860,경기도 화천군 반포대4가 692-40,영길윤최빌라 69동 383호,032-588-8049,ygim@example.net
한도윤,99700,서울특별시 중구 영동대3거리 지하855,중수한마을 B동 538호,010-9309-5163,ui@example.net
김승민,78782,경상남도 서천군 가락로 291,서윤이연립 X동 413호,052-649-9250,jeongsig34@example.com
박영철,33767,충청북도 옥천군 양재천로 549-97,종수백타운,033-252-3938,donghyeonbag@example.org
박예은,28528,강원도 천안시 동남구 서초대98가 925-97,순옥이윤타운 A동 856호,063-348-7999,jeonghun58@example.org
주광수,53346,제주특별자치도 옥천군 가락길 168-16,현준김타운 L동 670호,043-586-9398,gimyeongho@example.net
안성민,29194,광주광역시 광진구 언주9가 207,정희송장아파트 385호,032-336-1129,bagjiweon@example.net
박현준,07018,대구광역시 도봉구 백제고분56가 982 (우진김박동),은정이타운,041-143-5542,sinjinho@example.org
곽예준,29408,부산광역시 구로구 강남대거리 278-64 (영식이리),지우이아파트,052-300-9326,yeongsugjo@example.org
박승민,32029,충청남도 청주시 상당구 압구정509길 325-72 (서윤고하면),영희이서타워,019-433-6536,yeongmi02@example.org
김영숙,98825,인천광역시 동작구 반포대로 821-9,영길최빌라,041-239-9723,jihyeon54@example.com
최예진,24371,대전광역시 종로구 언주438로 204 (영환김면),정호허김타운 K동 337호,032-461-8207,gimjeongsig@example.net
장상현,51406,부산광역시 남구 역삼672길 253,정훈이오마을 924호,053-146-1669,gyeongja28@example.com
오지훈,52720,경상남도 광주시 강남대6로 397,재호김백타워 658호,070-5080-1641,cajunseo@example.net
이상호,24534,전라남도 강릉시 학동904거리 318,정희박빌라 826호,061-858-4890,gimjiyeong@example.com
김은지,87179,대구광역시 남구 봉은사3가 107,상훈조연립,054-496-2377,jieunbag@example.net
배은서,25093,인천광역시 중구 가락로 367 (민준김노면),서준김연립,011-281-2920,vson@example.org
최성호,32425,울산광역시 중랑구 잠실5가 262,명자김마을 I동 022호,042-189-2998,egim@example.com
주민수,98687,인천광역시 광진구 압구정로 353-46,지원이최빌라 808호,017-945-1766,jiyeongbag@example.org
김미정,17436,부산광역시 북구 도산대길 975 (상현김윤마을),현준고박빌라,044-303-7840,iseoyeon@example.net
박은정,62150,세종특별자치시 노원구 반포대로 지하98 (영순황읍),지후김타워 717호,019-475-9400,gimyeongmi@example.com
배정수,97137,세종특별자치시 노원구 개포7거리 638 (경숙김읍),민수박서타워 799호,053-120-2532,seongmin57@example.net
이성민,48838,광주광역시 중구 선릉가 450,예지양박타워,010-2351-7960,gyeonghyigweon@example.net
김민준,82778,부산광역시 성북구 양재천65로 지하676,명숙최타워 F동 323호,018-776-4261,seunghyeongo@example.com
박은주,81289,울산광역시 금천구 석촌호수80로 644-85,성훈김한타운 K동 291호,016-335-8650,baghyeonu@example.org
류주원,27063,경상북도 양양군 학동거리 478-17 (성호이마을),준혁우김타워 F동 953호,032-174-5408,seongdoyun@example.org
한명자,08597,경상북도 과천시 가락194로 939,춘자차빌라 C동 747호,031-269-0829,donghyeon05@example.org
박지아,09604,세종특별자치시 서초구 강남대길 369-9,경자이마을 915호,041-150-2569,minjae67@example.com
배은주,30281,충청북도 청주시 청원구 강남대로 지하320 (보람박마을),성훈김안타워 T동 028호,053-147-3577,hanseoyeong@example.net
이윤서,14716,울산광역시 관악구 양재천6거리 804-69 (영자강한리),정자이마을 882호,017-531-7097,sunja14@example.net
김지원,25079,경기도 하남시 영동대가 113-96 (지원배한읍),도윤김이연립 823호,042-391-7762,bagseonghyeon@example.com
전민재,97363,울산광역시 중구 테헤란거리 488 (경숙허김마을),순자김타워 495호,052-785-3870,eunyeong23@example.org
심숙자,04469,부산광역시 마포구 서초중앙길 233-90 (지연류면),정수김마을 739호,051-570-5601,yeongsuan@example.net
박민재,31825,전라북도 김포시 백제고분로 604,재현손강마을 Z동 973호,011-379-3465,hanyeongceol@example.org
이현지,82045,서울특별시 동작구 강남대37가 488-23,동현최연립 166호,043-280-3531,aan@example.com
김영숙,26127,충청남도 홍성군 잠실로 565-30 (동현박한동),승민최마을 J동 523호,031-269-0515,qsong@example.net
이하윤,80953,충청남도 속초시 서초중앙37로 148,성훈이아파트 라동 515호,019-387-8942,gwaggyeongsug@example.com
배혜진,89154,충청남도 수원시 영통구 백제고분가 578-5,정남최안마을,061-952-5708,dhan@example.org
박미영,07975,부산광역시 강동구 가락4가 835-32 (수민민송리),재현조류아파트 Z동 139호,02-5812-4493,seoyeong65@example.org
윤현우,02976,충청남도 보은군 압구정로 300,현숙박아파트 D동 076호,02-3112-0743,bagminseo@example.net
고건우,79790,제주특별자치도 제천시 삼성7로 902-29 (영진김동),주원이연립 B동 947호,02-2363-3761,lgim@example.com
하승현,34412,경상남도 수원시 장안구 도산대가 491-41,지아이타운 587호,055-177-0488,minjae54@example.org
조숙자,06679,전라남도 용인시 처인구 논현가 882-73,서현이오아파트 162호,018-682-7577,dgim@example.net
최은지,11167,인천광역시 강남구 강남대가 210-71,성수김김타운,032-553-4355,gimhyeonjun@example.org
박아름,70970,경상남도 제천시 잠실92가 669-64 (영철최김면),명숙이장아파트 K동 134호,02-3108-3773,jieun27@example.org
김미정,95838,경상남도 속초시 선릉15가 360 (서준송하마을),영수이오타워 631호,070-4989-7821,ijihyeon@example.org
이지영,11841,전라북도 홍천군 반포대거리 565-55,서윤권빌라 771호,010-4199-3951,doyun62@example.com
손현정,36249,대전광역시 용산구 가락12길 지하486,영순최류연립 673호,033-166-2207,ggim@example.org
황하윤,98329,충청남도 용인시 수지구 강남대1거리 283-20,민서홍아파트,041-119-6634,gyeongsucoe@example.com
권성수,80964,충청남도 청주시 청원구 학동길 879 (서영김윤면),예원이타워,054-820-3693,ii@example.net
김보람,85202,부산광역시 노원구 삼성길 81,순옥이타워,033-512-1671,migyeong48@example.net
고상호,61666,서울특별시 강남구 영동대길 5,옥자정박연립,041-293-8838,gimyeongsug@example.com
김정자,43633,경기도 여주시 압구정779길 543,정숙이김아파트 E동 558호,02-3381-1037,ijeongung@example.com
우도현,11985,충청북도 안산시 단원구 역삼길 595 (영철김면),민서이타워,051-611-0530,gimyeeun@example.org
김현정,41539,세종특별자치시 남구 영동대3길 83 (성훈이마을),정호노류아파트 702호,053-741-8889,jiyeongyang@example.net
박광수,63814,부산광역시 노원구 언주22거리 462 (예지성심면),예지노연립 Y동 161호,032-809-4994,jeonghun76@example.net
민채원,31376,강원도 청주시 상당구 도산대가 898,영진지김타운 D동 033호,018-544-5310,caeweon49@example.com
최채원,75338,충청북도 보령시 삼성28로 427,영호김김타워,044-580-4567,yunseojang@example.com
김경희,16990,경기도 양구군 백제고분거리 159-77 (중수김황마을),성호양빌라,070-0113-9317,jiyeong79@example.org
김하은,04507,세종특별자치시 남구 서초중앙0가 936 (성호이김동),성진주마을 545호,062-890-2921,yeongjin96@example.net
오재호,40814,충청남도 수원시 장안구 가락4가 303-25,민준심마을 166호,042-809-2319,seonghun72@example.com
홍선영,85398,전라남도 남양주시 도산대가 471 (지영김리),현정고김아파트 320호,064-727-6679,dyun@example.org
김준혁,92088,대구광역시 성북구 테헤란거리 13-50 (미정홍리),지혜김아파트,044-864-6014,subinu@example.net
김건우,81070,경상북도 태백시 양재천5로 566 (순옥심읍),성민박이마을,043-988-7056,jaehyeon13@example.com
김예은,94247,세종특별자치시 종로구 개포30길 915-91 (성호안리),준호신황마을 911호,032-576-5096,bagjihu@example.com
이영숙,14481,전라북도 청주시 청원구 영동대로 520-36 (지연김김마을),영식김타워,055-749-6311,dohyeon79@example.net
한지우,38331,전라남도 양양군 역삼거리 66-30 (정자윤면),지후김빌라 012호,053-978-8498,yejiyun@example.net
이지연,97206,충청남도 영동군 개포0로 563-34,정훈김박연립 991호,063-293-5839,sanghoan@example.com
김명숙,49574,제주특별자치도 논산시 강남대5가 970-92,하은김김빌라 B동 310호,02-3274-6898,seungmin91@example.com
김혜진,59836,경상북도 화천군 학동길 지하379 (유진김마을),은정최빌라 456호,063-037-3888,jiu81@example.org
김은정,42034,인천광역시 강동구 백제고분거리 508-94,지우김조타워 380호,043-966-7607,ygim@example.net
박재현,34312,전라남도 청주시 흥덕구 서초대로 824-45 (성훈나김읍),경자박윤아파트,019-366-3367,sanghyeon12@example.org
김성현,48982,제주특별자치도 제천시 영동대로 837-16 (서연박리),현숙김빌라 773호,053-401-9915,sinsumin@example.com
류정웅,48635,서울특별시 동작구 역삼길 164-63 (정자문리),승민박타워,02-6872-1619,kbag@example.com
김현주,01654,전라남도 수원시 권선구 가락71가 30 (지아하면),지민김타운,064-799-8078,jeongsuggim@example.net
이상훈,81555,제주특별자치도 화천군 백제고분84가 358 (은영안면),윤서김타워 460호,017-956-0210,xcoe@example.org
오준혁,18248,경상북도 홍천군 도산대6거리 526 (민준손읍),지아김김빌라,062-226-4916,jiyeongsug@example.com
김준혁,02225,서울특별시 종로구 테헤란4가 지하906 (재현김읍),성훈김김타운 036호,042-528-9402,seoeunji@example.net
홍서윤,99595,대구광역시 송파구 서초중앙67길 지하532,경희윤아파트 Q동 112호,02-0965-7740,gweonseonyeong@example.org
오상호,94821,경상남도 청양군 석촌호수로 274-41 (영진김마을),수민한송빌라 A동 368호,017-416-6410,vgim@example.com
최동현,21913,울산광역시 은평구 석촌호수7가 691 (명숙심박읍),지영김강아파트 525호,010-5755-1523,areumha@example.org
최은서,70566,제주특별자치도 부천시 소사구 논현거리 958 (정숙최리),영숙민성연립,053-536-9633,myeongsug14@example.org
양지훈,63847,충청남도 계룡시 봉은사가 513-38,예지성김아파트,061-438-0891,nseo@example.org
이주원,48480,대전광역시 광진구 오금길 118-39 (현주이박읍),정자최정마을,02-5298-0818,jhong@example.org
최영희,47533,전라남도 삼척시 압구정가 지하482,지은박박타운 652호,033-121-7676,qyang@example.org
이민준,53471,경기도 청주시 흥덕구 봉은사로 507,진우박이타운 684호,017-947-1632,migyeongi@example.org
이정희,98475,전라남도 양양군 논현188가 635 (서연박윤읍),영식박빌라 D동 464호,044-814-5690,yunjihye@example.net
이시우,30538,경기도 평창군 논현거리 지하280 (영희오면),은경정아파트 Q동 839호,043-648-9589,bagseongjin@example.com
장정수,58410,인천광역시 중구 역삼가 461-67 (지원김동),예진박연립 793호,042-644-4406,jihun53@example.org
김정훈,87019,부산광역시 동작구 압구정거리 471 (상호김고면),현숙류연립 J동 572호,064-792-0226,zi@example.net
김상훈,20769,전라남도 옥천군 반포대로 587 (현정김면),서영이윤빌라,032-156-5773,junyeong17@example.com
송수진,92575,충청북도 화천군 잠실거리 455-25,서영유김연립,031-171-4946,seojun99@example.net
박정훈,65930,대전광역시 강북구 봉은사086가 475-93 (아름주황동),시우이타워 C동 235호,033-503-3154,gimseojun@example.net
류서연,55071,서울특별시 강동구 잠실길 288-79,우진이타운 987호,017-731-0160,egim@example.com
배재현,75755,울산광역시 동작구 학동가 457-98 (서윤김읍),민지김윤연립 바동 847호,017-461-0886,migyeonggim@example.com
한지혜,07011,대구광역시 은평구 선릉4길 44 (지훈이마을),예지강연립 451호,019-227-8048,rgim@example.net
노미영,00081,강원도 진천군 영동대8길 877 (민석송마을),진우권김아파트 484호,016-325-7455,lgim@example.com
최민재,97788,부산광역시 강동구 도산대거리 316,영희백빌라 W동 320호,016-602-3411,minjibag@example.org
김준영,12190,대전광역시 마포구 논현064거리 158 (지은김마을),지후조이타운,044-747-8457,yeonggilbag@example.com
구민재,84307,부산광역시 양천구 논현0거리 680,옥자이연립,055-184-8270,jiai@example.org
이지은,32683,전라북도 횡성군 테헤란로 472-63 (영미손읍),준호박빌라,064-727-1556,ean@example.com
장재현,89540,울산광역시 용산구 개포66로 148-42,민지이이타워,062-035-2020,seongjinhwang@example.net
김정숙,93632,인천광역시 종로구 가락길 207 (미숙김읍),은서이타운 Z동 368호,070-7815-1570,cunja09@example.com
최종수,82946,제주특별자치도 양양군 잠실길 749,서준이김마을 383호,032-475-3349,iyeongsug@example.org
임서연,52965,경상북도 의정부시 가락1가 169,정순강김마을,011-399-5487,hyejini@example.net
노상현,87769,인천광역시 남구 논현659길 지하262,주원김타운,062-832-0174,rgim@example.com
윤미정,80327,부산광역시 마포구 양재천가 243,성진이김타운 705호,053-245-7908,doyuni@example.net
나옥순,25060,광주광역시 북구 강남대가 129-32 (영숙고송리),준영차빌라,054-554-9278,mson@example.com
손지영,48248,인천광역시 금천구 백제고분거리 92-31 (영환홍이동),정호최김빌라,061-257-5785,baggwangsu@example.com
전성진,44731,경상남도 성남시 분당구 가락6거리 68,성현김홍빌라 M동 754호,02-9083-6670,ason@example.com
윤은정,71307,강원도 부여군 삼성9가 531,현정이박연립 V동 377호,051-919-8639,bagminjae@example.org
백동현,28265,충청남도 천안시 동남구 삼성26가 210,예지박김마을,010-5981-1416,bi@example.net
박우진,36648,충청남도 안양시 동안구 도산대거리 279-8 (순옥이동),성민권타워 477동 084호,070-4967-8046,jeonghocoe@example.net
송경수,40349,충청남도 부여군 서초중앙411길 565,지영김김연립 861호,051-812-8464,pbae@example.org
박보람,10967,강원도 동두천시 테헤란096로 333-93 (아름김리),예지이타워 나동 812호,053-620-8485,seojun15@example.org
손영미,18290,경상남도 용인시 기흥구 개포59길 380,예원김김연립 801호,062-522-9042,jeongnam11@example.org
안윤서,48486,제주특별자치도 성남시 서초대06길 618-89,승민서연립 D동 449호,019-017-6280,doyun52@example.net
손유진,44684,대구광역시 강동구 오금76로 414 (지아이최면),정호이윤마을,032-656-6620,eunyeong52@example.net
황영환,60870,부산광역시 송파구 반포대길 66,재호이아파트,010-9531-4252,jangsiu@example.net
김미정,00490,세종특별자치시 송파구 영동대94가 635,서준민김마을,041-376-4870,ygwag@example.org
황동현,86165,대전광역시 북구 서초중앙16가 89-32,영길박연립,063-136-2756,qcoe@example.net
한선영,68904,경기도 단양군 테헤란07거리 439-19,재현류아파트 M동 076호,018-453-9098,ogsun42@example.net
이유진,51462,전라남도 화천군 역삼7가 710,정남이김타운,033-486-5083,asin@example.net
이지혜,91086,대구광역시 서대문구 영동대0로 415 (현준한이리),하은최박타워 079호,054-441-7233,dryu@example.com
박지아,27403,충청남도 안양시 강남대242길 965,성민허배타워 82동 604호,070-8982-4539,agim@example.com
박성수,16515,경상남도 서천군 개포8가 156-19 (서윤이동),하윤이연립 O동 128호,062-682-5037,ubag@example.org
이정훈,29555,서울특별시 양천구 테헤란가 594 (상호안권읍),미영박마을 634호,019-058-5211,yujingim@example.org
이예은,33725,충청북도 용인시 수지구 논현로 201-36,지현오아파트,064-773-6603,ijeongho@example.org
김옥자,48017,광주광역시 남구 압구정가 192,종수전빌라 693호,042-045-0201,iminji@example.com
이은주,84770,강원도 안산시 상록구 도산대가 668,성호권권연립,041-595-3605,cgim@example.org
고정숙,25583,세종특별자치시 영등포구 강남대거리 805,정남이김타운,019-267-8981,gangseongmin@example.net
박보람,35441,경상남도 의정부시 서초대거리 381-47 (현지이읍),예진이타워 559호,019-040-1142,seunghyeon80@example.org
김민석,26773,전라남도 청주시 서원구 학동250로 79 (성현문리),성민김타운,041-739-0058,munhyeonji@example.org
문지아,65744,충청남도 양주시 봉은사거리 774-81 (지우권곽마을),보람하마을 985호,063-477-4993,yeongsun35@example.com
박하은,60523,인천광역시 종로구 오금가 247-82 (상현이마을),민재강마을 V동 259호,018-741-2804,mi@example.com
황성현,19798,서울특별시 관악구 삼성가 58-19,준영이타운,052-597-3037,ibag@example.net
김정숙,88648,경기도 안산시 단원구 양재천26길 지하650,정희김마을 R동 446호,052-020-9588,gangyeonghwan@example.org
서지민,72899,서울특별시 관악구 백제고분길 139-26,순옥이김연립 185호,033-658-1154,hyeonjugim@example.org
강미경,39677,세종특별자치시 남구 압구정28로 763,순옥박빌라 920호,052-999-6058,jgweon@example.org
이성현,66807,부산광역시 중랑구 백제고분6길 지하950,정훈윤임아파트,042-739-7534,hyeonjun65@example.org
하지훈,57523,경기도 춘천시 잠실70거리 752,지혜강타운 Q동 659호,052-422-4933,jiyeon86@example.net
최미정,84661,전라북도 정선군 테헤란거리 지하999 (하윤강김리),준호이타워 T동 888호,053-215-3981,yeonghyi37@example.net
박준혁,31081,경기도 연천군 반포대로 676,상호김아파트 821호,010-2523-1065,anyeongsun@example.net
김성현,69626,경상북도 청주시 서원구 가락길 711-35,영자박타워 912호,061-765-7678,jihyeonan@example.com
김도현,04799,서울특별시 관악구 봉은사길 666 (정웅김동),경수김송마을 096호,061-482-9234,fcoe@example.com
류숙자,22097,경기도 동해시 서초중앙465길 608 (보람김읍),민준김김빌라,031-540-5326,gimyejun@example.com
윤서영,59185,서울특별시 성북구 잠실60가 935-82 (은정이동),미숙김송아파트 A동 723호,054-979-6541,geonuyang@example.net
김유진,44849,서울특별시 도봉구 역삼74로 219,명자김남타운 라동 747호,053-706-0678,seonghogim@example.org
권승현,12967,세종특별자치시 마포구 학동거리 114-81 (정호김허동),지후최차연립 Q동 372호,062-831-0974,dohyeon77@example.com
강진호,43505,충청북도 고성군 석촌호수거리 327-47 (준서배김읍),은영오빌라,043-405-0573,rryu@example.net
김은주,68708,경기도 원주시 학동41거리 438-57 (정웅이리),재호임빌라 가동 646호,041-394-7494,sunjasong@example.org
이현정,49684,대구광역시 동구 강남대8로 지하118 (서영최박마을),성민박김타운,062-880-1002,gimjihyeon@example.net
이영길,40986,대전광역시 서초구 백제고분로 838 (지은이이면),경숙이아파트 A동 165호,010-3756-6344,kbag@example.com
박민수,16201,울산광역시 서구 학동796로 969 (민서문동),은영권타워,017-292-3253,sjang@example.com
양준영,76879,충청남도 성남시 수정구 개포502길 815 (정식이최리),예원임연립 E동 284호,041-070-6333,yeeungim@example.com
차지후,99995,전라북도 성남시 분당구 양재천길 430-37,혜진김강타워 797호,044-652-8776,ngim@example.com
윤승민,81126,광주광역시 구로구 개포거리 914,지은홍오빌라 676호,054-111-3448,ogja75@example.net
김지우,25183,광주광역시 마포구 언주길 177 (미정이하읍),선영전빌라,070-4084-0136,gimjaeho@example.net
이민서,74209,대전광역시 마포구 언주58거리 913 (성훈김마을),정식이김빌라 가동 493호,031-235-6957,jihyebag@example.org
박지아,18002,대전광역시 동대문구 잠실거리 909-7,영자이빌라,032-961-4818,gyeonghyijo@example.com
강정호,35153,서울특별시 마포구 언주64길 지하506 (예원김읍),도윤류차마을 바동 957호,061-557-5211,sujin06@example.com
박병철,09127,강원도 부천시 소사구 선릉00로 780-47 (동현김김리),선영김이연립,044-889-3018,munhayun@example.net
강현우,58481,광주광역시 강북구 테헤란가 284 (종수김나마을),영철김최아파트 A동 747호,02-5276-3113,eunju45@example.com
이상호,25828,전라남도 양주시 테헤란거리 737,지아손김아파트 479호,016-198-2849,mcoe@example.com
김경수,03878,세종특별자치시 중랑구 삼성8길 9 (영수고면),지영박최타워 S동 419호,063-279-3595,iyeonggil@example.org
이진호,99991,인천광역시 강북구 서초대로 416-62 (종수권김마을),아름강박빌라 가동 439호,051-284-5876,jaehyeon07@example.com
이서연,16555,인천광역시 동대문구 역삼거리 214,도윤김이타운 621호,02-1095-6698,jeongsuggim@example.org
강미경,83821,강원도 수원시 팔달구 백제고분길 271,병철박서타운,016-291-9673,eunjii@example.org
서현우,48329,충청북도 천안시 서북구 압구정로 751-94 (영식김동),경자노아파트 D동 588호,02-0620-4589,hayungim@example.org
박우진,10996,울산광역시 강남구 가락28길 지하133,정웅고김타운,032-995-2634,xan@example.org
김영호,47367,경상북도 논산시 개포3거리 지하125,동현손타워 다동 458호,052-308-6221,sugja89@example.net
